그룹,테마,종목명,코드,시가총액(억원),종가,52주 고점,고점일,고점대비 하락률(%),3개월 저점,저점일,저점대비 상승률(%)
IT·플랫폼,소프트웨어·SI,현대오토에버,307950,125053,413500,1066000,2026-06-01,-61.2,305000,2026-07-29,35.6
IT·플랫폼,소프트웨어·SI,LG씨엔에스,064400,70727,74400,153300,2026-06-02,-51.5,57700,2026-07-30,28.9
IT·플랫폼,소프트웨어·SI,포스코DX,022100,31319,21150,45600,2026-01-21,-53.6,16510,2026-07-30,28.1
제약·바이오,제약,알테오젠,196170,171744,311500,437818,2025-11-14,-28.9,194671,2026-07-14,60.0
제약·바이오,제약,펩트론,087010,42717,188200,392500,2025-11-20,-52.1,98000,2026-07-14,92.0
제약·바이오,제약,삼천당제약,000250,39784,172800,1233000,2026-03-30,-86.0,120000,2026-07-29,44.0
자동차,자동차부품,현대모비스,012330,451848,451500,822000,2026-06-01,-45.1,420500,2026-07-28,7.4
자동차,자동차부품,LG전자,066570,325444,198300,438000,2026-06-02,-54.7,141900,2026-07-29,39.7
자동차,자동차부품,한온시스템,018880,36176,3480,5940,2026-05-27,-41.4,2975,2026-07-29,17.0
제약·바이오,신약 개발,에스케이바이오팜,326030,67663,88000,144100,2025-11-28,-38.9,73000,2026-07-30,20.5
제약·바이오,신약 개발,유한양행,000100,67143,82700,129200,2025-11-14,-36.0,65000,2026-06-26,27.2
제약·바이오,신약 개발,HLB,028300,51015,35450,69200,2026-01-28,-48.8,24150,2026-07-14,46.8
전자부품,전자부품·커넥터,삼성전기,009150,1017328,1385000,2417000,2026-06-19,-42.7,865000,2026-07-30,60.1
전자부품,전자부품·커넥터,LG이노텍,011070,134903,597000,1788000,2026-06-01,-66.6,416000,2026-07-30,43.5
전자부품,전자부품·커넥터,이수페타시스,007660,78474,112800,164400,2026-04-22,-31.4,57900,2026-07-30,94.8
소비재,의류·패션,영원무역,111770,33632,73400,103200,2026-03-03,-28.9,68200,2026-06-24,7.6
소비재,의류·패션,F&amp;F,383220,24325,63100,89000,2026-06-10,-29.1,59900,2026-08-04,5.3
소비재,의류·패션,미스토홀딩스,081660,22458,40800,55800,2026-02-10,-26.9,36300,2026-06-01,12.4
산업재,건설·건축,삼성물산,028260,591101,375500,565000,2026-06-04,-33.5,262000,2026-07-29,43.3
산업재,건설·건축,효성중공업,298040,260341,3079000,4742000,2026-05-07,-35.1,1834000,2026-07-30,67.9
산업재,건설·건축,현대건설,000720,117592,129300,198400,2026-04-08,-34.8,77700,2026-07-29,66.4
제약·바이오,의료기기,클래시스,214150,21789,32300,77600,2026-01-29,-58.4,31500,2026-08-19,2.5
제약·바이오,의료기기,엘앤씨바이오,290650,13647,50400,125000,2026-02-23,-59.7,42150,2026-08-03,19.6
제약·바이오,의료기기,리브스메드,491000,8852,33500,95900,2026-02-24,-65.1,29900,2026-07-30,12.0
반도체,반도체 장비,원익IPS,240810,55121,112700,187800,2026-07-01,-40.0,74100,2026-07-29,52.1
반도체,반도체 장비,이오테크닉스,039030,47800,406500,623000,2026-06-12,-34.8,230000,2026-07-29,76.7
반도체,반도체 장비,피에스케이,319660,36295,133400,219500,2026-07-01,-39.2,85100,2026-06-02,56.8
IT·플랫폼,AI 소프트웨어,삼성에스디에스,018260,176421,234000,388500,2026-06-01,-39.8,182000,2026-06-26,28.6
IT·플랫폼,AI 소프트웨어,루닛,328130,6895,9050,24550,2026-05-06,-63.1,8350,2026-07-29,8.4
IT·플랫폼,AI 소프트웨어,인피니트헬스케어,071200,2293,9480,10980,2026-08-11,-13.7,5930,2026-06-26,59.9
소재,섬유·화학소재,효성,004800,25948,167000,318000,2026-05-07,-47.5,117000,2026-07-29,42.7
소재,섬유·화학소재,효성티앤씨,298020,13740,333000,557000,2026-04-24,-40.2,255000,2026-06-26,30.6
소재,섬유·화학소재,PI첨단소재,178920,5533,19070,32150,2026-05-06,-40.7,15000,2026-07-30,27.1
산업재,건설기계·공작기계,두산,000150,175703,1214000,2489000,2026-06-01,-51.2,889000,2026-07-30,36.6
산업재,건설기계·공작기계,HD현대,267250,170230,216000,333000,2026-05-04,-35.1,178000,2026-07-29,21.3
산업재,건설기계·공작기계,HD현대마린솔루션,443060,93254,221000,287000,2026-04-27,-23.0,175000,2026-07-29,26.3
소비재,음식료,삼양식품,003230,107722,1480000,1665000,2025-09-11,-11.1,1011000,2026-06-24,46.4
소비재,음식료,오리온,271560,50715,126200,150100,2026-04-29,-15.9,120300,2026-06-24,4.9
소비재,음식료,CJ제일제당,097950,28543,186300,252000,2026-04-30,-26.1,172600,2026-06-26,7.9
소재,시멘트·건자재,한일시멘트,300720,11922,16330,21150,2025-09-15,-22.8,12710,2026-06-26,28.5
소재,시멘트·건자재,한국카본,017960,11756,23800,54100,2026-04-28,-56.0,18530,2026-07-29,28.4
소재,시멘트·건자재,삼표시멘트,038500,7899,7860,23500,2026-02-06,-66.6,5880,2026-07-30,33.7
소재,철강,포스코인터내셔널,047050,94822,52500,91200,2026-05-04,-42.4,44850,2026-06-26,17.1
소재,철강,현대제철,004020,40167,31450,50400,2026-02-27,-37.6,23650,2026-07-29,33.0
소재,철강,LX인터내셔널,001120,14845,38150,57700,2026-04-29,-33.9,33050,2026-06-23,15.4
IT·플랫폼,게임,크래프톤,259960,102016,219500,344000,2025-08-26,-36.2,199300,2026-06-26,10.1
IT·플랫폼,게임,NC,036570,48474,223000,343500,2026-06-02,-35.1,203000,2026-07-21,9.9
IT·플랫폼,게임,넷마블,251270,31517,36300,69000,2025-09-22,-47.4,34200,2026-07-21,6.1
제약·바이오,바이오 CDMO,삼성바이오로직스,207940,728157,1594000,1987000,2026-01-15,-19.8,1228000,2026-06-08,29.8
제약·바이오,바이오 CDMO,한미약품,128940,69179,504000,647000,2026-02-24,-22.1,302000,2026-07-29,66.9
제약·바이오,바이오 CDMO,SK바이오사이언스,302440,30049,38450,61300,2025-11-04,-37.3,31800,2026-07-29,20.9
반도체,반도체 후공정·기판,한미반도체,042700,199202,222000,426000,2026-05-12,-47.9,148900,2026-07-29,49.1
반도체,반도체 후공정·기판,리노공업,058470,49233,66700,129000,2026-04-23,-48.3,54000,2026-07-29,23.5
반도체,반도체 후공정·기판,SKC,011790,42208,90100,184400,2026-05-07,-51.1,61100,2026-07-29,47.5
제약·바이오,체외진단,씨젠,096530,16791,31900,33950,2026-08-11,-6.0,24450,2026-07-29,30.5
제약·바이오,체외진단,에스디바이오센서,137310,7812,6040,10930,2025-09-22,-44.7,5800,2026-07-23,4.1
제약·바이오,체외진단,아이센스,099190,5165,17650,27600,2026-02-19,-36.1,14000,2026-07-14,26.1
소재,정유·석유화학,SK이노베이션,096770,219938,112000,155400,2026-05-04,-27.9,87700,2026-06-26,27.7
소재,정유·석유화학,LG화학,051910,192717,274500,437500,2026-05-08,-37.3,224000,2026-07-29,22.5
소재,정유·석유화학,S-Oil,010950,158967,136700,177100,2026-03-04,-22.8,90400,2026-06-26,51.2
소비재,농수축산,동원산업,006040,17127,37750,51500,2025-10-27,-26.7,29850,2026-06-24,26.5
소비재,농수축산,툴젠,199800,3275,36250,139815,2026-05-12,-74.1,32443,2026-07-08,11.7
소비재,농수축산,이지홀딩스,035810,2874,4500,9290,2026-02-24,-51.6,3785,2026-07-30,18.9
산업재,물류·운송,현대글로비스,086280,149100,203500,296000,2026-01-22,-31.3,172500,2026-06-26,18.0
산업재,물류·운송,CJ,001040,37113,126600,235000,2026-02-13,-46.1,116900,2026-07-29,8.3
산업재,물류·운송,현대무벡스,319400,26173,24150,50400,2026-01-23,-52.1,17850,2026-07-21,35.3
소재,금속가공,대원전선,006340,10453,14140,20300,2026-05-06,-30.3,8540,2026-06-26,65.6
소재,금속가공,태웅,044490,5602,32850,61300,2026-05-04,-46.4,19980,2026-07-29,64.4
소재,금속가공,타이거일렉,219130,3978,62600,87900,2026-08-11,-28.8,46100,2026-06-08,35.8
소재,정밀화학,금호석유화학,011780,30189,123600,162300,2026-03-03,-23.8,106900,2026-07-30,15.6
소재,정밀화학,한솔케미칼,014680,22128,206000,346500,2026-03-03,-40.5,175000,2026-07-29,17.7
소재,정밀화학,롯데정밀화학,004000,11829,47200,71800,2026-04-29,-34.3,41350,2026-06-26,14.1
IT·플랫폼,정보보안,안랩,053800,6331,56900,75000,2026-04-16,-24.1,50800,2026-07-29,12.0
IT·플랫폼,정보보안,슈프리마,236200,3961,55200,65000,2026-08-10,-15.1,38600,2026-06-26,43.0
IT·플랫폼,정보보안,엑스게이트,356680,3265,11800,30550,2026-05-27,-61.4,8190,2026-07-30,44.1
제약·바이오,세포·유전자 치료제,녹십자,006280,15228,127100,183800,2026-02-12,-30.8,105900,2026-08-03,20.0
제약·바이오,세포·유전자 치료제,네이처셀,007390,15207,26150,36950,2026-05-27,-29.2,20450,2026-07-03,27.9
제약·바이오,세포·유전자 치료제,큐리옥스바이오시스템즈,445680,9238,55700,149200,2026-03-19,-62.7,31650,2026-07-29,76.0
IT·플랫폼,영상 콘텐츠 제작,스튜디오드래곤,253450,6448,21700,51600,2025-08-19,-57.9,19000,2026-07-29,14.2
IT·플랫폼,영상 콘텐츠 제작,SAMG엔터,419530,2082,20100,66100,2025-10-24,-69.6,19250,2026-08-25,4.4
IT·플랫폼,영상 콘텐츠 제작,아이디스,143160,1730,16000,20750,2026-02-13,-22.9,13670,2026-06-24,17.0
IT·플랫폼,핀테크·결제,카카오,035720,159695,36000,69700,2025-10-29,-48.4,32250,2026-06-26,11.6
IT·플랫폼,핀테크·결제,카카오페이,377300,62361,46900,79200,2026-01-26,-40.8,36550,2026-06-26,28.3
IT·플랫폼,핀테크·결제,NHN KCP,060250,6173,15080,25500,2026-01-27,-40.9,10900,2026-07-29,38.3
반도체,팹리스·시스템반도체,제주반도체,080220,25074,77700,138000,2026-06-22,-43.7,49450,2026-07-30,57.1
반도체,팹리스·시스템반도체,동운아나텍,094170,6628,32700,56400,2026-05-11,-42.0,21950,2026-07-30,49.0
반도체,팹리스·시스템반도체,LX세미콘,108320,5945,37800,67300,2026-04-27,-43.8,29500,2026-07-30,28.1
산업재,방위산업,LIG디펜스앤에어로스페이스,079550,157740,745000,1118000,2026-04-22,-33.4,575000,2026-07-30,29.6
산업재,방위산업,현대로템,064350,146469,138600,282000,2026-04-30,-50.9,113100,2026-07-29,22.5
산업재,방위산업,한화시스템,272210,132432,77900,184000,2026-03-04,-57.7,50700,2026-07-29,53.6
금융,카드·캐피탈,KB금융,105560,590200,168100,194500,2026-07-13,-13.6,145000,2026-06-26,15.9
금융,카드·캐피탈,삼성생명,032830,571000,307000,516500,2026-06-19,-40.6,246000,2026-07-29,24.8
금융,카드·캐피탈,삼성카드,029780,53469,46350,69200,2026-02-23,-33.0,44050,2026-06-08,5.2
반도체,반도체 소재,티씨케이,064760,26998,242500,348500,2026-05-14,-30.4,137000,2026-07-30,77.0
반도체,반도체 소재,솔브레인,357780,25669,341000,530000,2026-01-30,-35.7,215500,2026-07-29,58.2
반도체,반도체 소재,후성,093370,13107,13060,23550,2026-06-15,-44.5,6780,2026-07-29,92.6
디스플레이,OLED 소재·부품,LG디스플레이,034220,47750,9590,17950,2026-06-01,-46.6,8120,2026-07-30,18.1
디스플레이,OLED 소재·부품,덕산네오룩스,213420,7871,32350,57300,2026-04-17,-43.5,24500,2026-07-29,32.0
디스플레이,OLED 소재·부품,이엔에프테크놀로지,102710,6358,45300,65000,2026-04-27,-30.3,33300,2026-07-30,36.0
디스플레이,디스플레이 장비,주성엔지니어링,036930,77159,179100,283000,2026-06-12,-36.7,96800,2026-07-30,85.0
디스플레이,디스플레이 장비,테크윙,089030,17286,49700,74000,2026-03-10,-32.8,31625,2026-07-30,57.2
디스플레이,디스플레이 장비,선익시스템,171090,6563,68300,144000,2026-02-20,-52.6,46550,2026-07-29,46.7
IT·플랫폼,통신장비,대한광통신,010170,20446,14860,31500,2026-05-12,-52.8,6910,2026-07-29,115.1
IT·플랫폼,통신장비,인텔리안테크,189300,7022,65700,180200,2026-05-12,-63.5,48100,2026-07-29,36.6
IT·플랫폼,통신장비,케이엠더블유,032500,6185,15360,40000,2026-06-04,-61.6,12100,2026-07-29,26.9
금융,증권,미래에셋증권,006800,194449,36100,87800,2026-05-06,-58.9,28900,2026-07-29,24.9
금융,증권,한국금융지주,071050,102146,191400,300500,2026-02-23,-36.3,172400,2026-07-29,11.0
금융,증권,NH투자증권,005940,98209,26600,42600,2026-02-20,-37.6,24900,2026-07-29,6.8
IT·플랫폼,교육,메가스터디교육,215200,3773,35700,50800,2026-02-05,-29.7,34900,2026-08-19,2.3
IT·플랫폼,교육,아이스크림미디어,461300,2535,19200,27550,2025-09-25,-30.3,15000,2026-07-30,28.0
IT·플랫폼,교육,디지털대성,068930,2303,8500,9180,2026-02-26,-7.4,6810,2026-06-26,24.8
금융,리츠·부동산,LG,003550,171603,114500,185900,2026-06-01,-38.4,88100,2026-07-29,30.0
금융,리츠·부동산,맥쿼리인프라,088980,46934,9850,11890,2026-02-20,-17.2,9320,2026-08-19,5.7
금융,리츠·부동산,한화생명,088350,45511,5480,7560,2026-02-23,-27.5,3930,2026-07-29,39.4
소비재,건강기능식품,녹십자홀딩스,005250,4722,10010,18010,2026-05-13,-44.4,8630,2026-07-30,16.0
소비재,건강기능식품,서흥,008490,2609,21900,32600,2025-08-19,-32.8,16000,2026-06-26,36.9
소비재,건강기능식품,코스맥스비티아이,044820,2319,24900,29150,2026-08-13,-14.6,15950,2026-06-26,56.1
소비재,유통·편의점,신세계,004170,37828,425000,792000,2026-06-18,-46.3,386000,2026-08-25,10.1
소비재,유통·편의점,실리콘투,257720,34034,49150,56100,2026-01-30,-12.4,29850,2026-06-26,64.7
소비재,유통·편의점,롯데쇼핑,023530,27978,104100,211000,2026-06-17,-50.7,93900,2026-08-21,10.9
IT·플랫폼,광고·마케팅,NAVER,035420,339891,216500,304000,2026-06-01,-28.8,181100,2026-07-14,19.5
IT·플랫폼,광고·마케팅,GS,078930,106458,123200,133200,2026-08-27,-7.5,60800,2026-06-26,102.6
IT·플랫폼,광고·마케팅,GS리테일,007070,22574,25750,29950,2026-05-15,-14.0,21050,2026-06-26,22.3
금융,지주회사,신한지주,055550,484942,108800,113300,2026-07-13,-4.0,89400,2026-06-26,21.7
금융,지주회사,SK,034730,398040,556000,883000,2026-06-25,-37.0,450000,2026-07-29,23.6
금융,지주회사,한진칼,180640,81116,126600,175900,2026-02-26,-28.0,100900,2026-07-21,25.5
IT·플랫폼,음악·매니지먼트,하이브,352820,75265,178500,405500,2026-02-13,-56.0,157900,2026-07-29,13.0
IT·플랫폼,음악·매니지먼트,에스엠,041510,16461,74600,155100,2025-08-19,-51.9,63900,2026-07-29,16.7
IT·플랫폼,음악·매니지먼트,JYP Ent.,035900,14018,39750,88500,2025-11-03,-55.1,38150,2026-08-19,4.2
제약·바이오,미용의료기기,파마리서치,214450,43221,432500,713000,2025-08-26,-39.3,255000,2026-06-08,69.6
제약·바이오,미용의료기기,휴젤,145020,31351,245500,342000,2025-09-01,-28.2,216500,2026-07-29,13.4
제약·바이오,미용의료기기,케어젠,214370,29114,53200,153800,2026-02-23,-65.4,48000,2026-07-29,10.8
에너지·전력,수소·연료전지,한국가스공사,036460,33694,36900,45700,2026-02-20,-19.3,31150,2026-06-26,18.5
에너지·전력,수소·연료전지,두산퓨얼셀,336260,25641,45200,108900,2026-05-28,-58.5,18230,2026-07-30,147.9
에너지·전력,수소·연료전지,SK이터닉스,475150,18124,55800,87700,2026-07-24,-36.4,30100,2026-06-08,85.4
에너지·전력,전력기기·전선,엘에스일렉트릭,010120,288450,219500,335000,2026-05-07,-34.5,148000,2026-07-30,48.3
에너지·전력,전력기기·전선,HD현대일렉트릭,267260,259539,821000,1430000,2026-05-07,-42.6,538000,2026-07-29,52.6
에너지·전력,전력기기·전선,한국전력공사,015760,202219,33950,69500,2026-01-21,-51.2,30400,2026-08-19,11.7
2차전지,2차전지 장비,피엔티,137400,7072,30350,62000,2026-04-22,-51.0,23000,2026-07-30,32.0
2차전지,2차전지 장비,디아이,003160,6438,25050,41700,2026-01-30,-39.9,15550,2026-07-30,61.1
2차전지,2차전지 장비,디아이티,110990,3113,16320,29000,2026-05-26,-43.7,11950,2026-07-29,36.6
소비재,화장품 브랜드,에이피알,278470,164915,434500,473000,2026-05-11,-8.1,306500,2026-07-29,41.8
소비재,화장품 브랜드,아모레퍼시픽,090430,83820,142400,169000,2026-02-09,-15.7,94000,2026-06-26,51.5
소비재,화장품 브랜드,달바글로벌,483650,29048,222500,283000,2026-08-12,-21.4,175500,2026-06-02,26.8
소비재,카지노·레저,강원랜드,035250,30936,14540,19590,2026-02-26,-25.8,13920,2026-06-26,4.5
소비재,카지노·레저,롯데관광개발,032350,10348,12880,27700,2026-02-06,-53.5,10150,2026-07-21,26.9
소비재,카지노·레저,GKL,114090,5734,9270,17700,2025-09-18,-47.6,8990,2026-07-30,3.1
산업재,로봇,레인보우로보틱스,277810,86232,471000,979000,2026-05-12,-51.9,363500,2026-07-29,29.6
산업재,로봇,두산로보틱스,454910,45180,73100,170000,2026-06-02,-57.0,54200,2026-07-29,34.9
산업재,로봇,로보티즈,108490,36286,255000,464000,2026-06-02,-45.0,155000,2026-07-29,64.5
IT·플랫폼,통신서비스,SK텔레콤,017670,219730,99100,139500,2026-06-02,-29.0,76000,2026-07-29,30.4
IT·플랫폼,통신서비스,케이티,030200,132311,53900,69400,2026-02-23,-22.3,50700,2026-06-24,6.3
IT·플랫폼,통신서비스,LG유플러스,032640,63282,14740,18800,2026-06-01,-21.6,13810,2026-06-26,6.7
산업재,플랜트·엔지니어링,삼성E&amp;A,028050,89866,50100,67300,2026-05-07,-25.6,38300,2026-07-14,30.8
산업재,플랜트·엔지니어링,세아제강지주,003030,4224,99700,260000,2026-04-03,-61.7,94200,2026-08-19,5.8
산업재,플랜트·엔지니어링,하이록코리아,013030,3789,33550,48100,2026-05-06,-30.2,27550,2026-07-30,21.8
소비재,화장품 ODM·OEM,한국콜마,161890,33826,145800,153400,2026-08-26,-5.0,76100,2026-06-09,91.6
소비재,화장품 ODM·OEM,코스맥스,192820,32800,283000,297000,2026-08-26,-4.7,141000,2026-06-26,100.7
소비재,화장품 ODM·OEM,씨앤씨인터내셔널,352480,2985,22700,45900,2025-09-22,-50.5,16550,2026-07-29,37.2
소비재,화장품 원료·부자재,펌텍코리아,251970,7862,56600,70200,2026-01-30,-19.4,31400,2026-06-26,80.3
소비재,화장품 원료·부자재,GS피앤엘,499790,7744,42400,67000,2026-02-13,-36.7,32250,2026-07-31,31.5
소비재,화장품 원료·부자재,피노,033790,5074,6650,19150,2026-05-08,-65.3,4265,2026-07-30,55.9
IT·플랫폼,방송·미디어,CJ ENM,035760,7171,32650,82300,2025-09-22,-60.3,28100,2026-07-20,16.2
IT·플랫폼,방송·미디어,SOOP,067160,4454,38300,80200,2025-08-22,-52.2,36950,2026-08-21,3.7
IT·플랫폼,방송·미디어,현대퓨처넷,126560,3527,3270,3750,2026-02-11,-12.8,2770,2026-07-29,18.1
소재,비철금속,고려아연,010130,297857,1372000,2188000,2026-02-25,-37.3,877000,2026-07-29,56.4
소재,비철금속,삼아알미늄,006110,8877,64400,104600,2026-05-14,-38.4,25750,2026-07-29,150.1
소재,비철금속,영풍,000670,7263,40250,71797,2025-12-15,-43.9,31000,2026-07-29,29.8
소재,환경·폐기물,지역난방공사,071320,8603,74600,116700,2026-02-10,-36.1,60400,2026-07-29,23.5
소재,환경·폐기물,아이에스동서,010780,4854,16200,34450,2026-03-13,-53.0,14320,2026-08-19,13.1
소재,환경·폐기물,한미글로벌,053690,1953,22800,34750,2026-04-15,-34.4,13740,2026-07-29,65.9
에너지·전력,태양광,HD현대에너지솔루션,322000,15131,142000,256000,2026-05-14,-44.5,95000,2026-07-30,49.5
에너지·전력,태양광,OCI,456040,7180,80100,163200,2026-04-24,-50.9,59100,2026-07-29,35.5
에너지·전력,태양광,씨엠티엑스,388210,6758,74800,170300,2026-02-25,-56.1,56500,2026-07-29,32.4
소재,포장재,동원시스템즈,014820,6364,21600,30700,2025-10-27,-29.6,17520,2026-06-26,23.3
소재,포장재,풍산홀딩스,005810,5457,38550,60900,2026-04-07,-36.7,29450,2026-07-30,30.9
소재,포장재,신대양제지,016590,4090,10050,18150,2026-02-11,-44.6,8200,2026-06-08,22.6
산업재,조선,HD현대중공업,329180,487545,470000,765000,2026-05-27,-38.6,411500,2026-07-29,14.2
산업재,조선,HD한국조선해양,009540,256553,360500,494500,2025-11-03,-27.1,314000,2026-07-29,14.8
산업재,조선,한화오션,042660,255549,89600,154800,2026-03-03,-42.1,71300,2026-07-29,25.7
소비재,여행·항공,대한항공,003490,95737,28200,31200,2026-06-15,-9.6,23650,2026-06-08,19.2
소비재,여행·항공,호텔신라,008770,16445,42200,70300,2026-04-29,-40.0,40050,2026-08-04,5.4
소비재,여행·항공,아시아나항공,020560,14625,7530,9690,2025-08-26,-22.3,6500,2026-07-29,15.8
소비재,렌탈·구독,코웨이,021240,69847,98300,109300,2025-08-27,-10.1,83100,2026-06-24,18.3
소비재,렌탈·구독,롯데렌탈,089860,16775,47250,48750,2026-08-20,-3.1,26650,2026-06-26,77.3
소비재,렌탈·구독,쿠쿠홈시스,284740,5172,22850,28100,2025-08-19,-18.7,20150,2026-06-26,13.4
전자부품,수동부품·MLCC,삼화콘덴서공업,001820,10904,108300,196800,2026-06-18,-45.0,56500,2026-07-30,91.7
전자부품,수동부품·MLCC,삼영전자공업,005680,2446,12280,17990,2026-05-26,-31.7,11850,2026-08-25,3.6
전자부품,수동부품·MLCC,삼영,003720,2224,6540,13980,2026-05-11,-53.2,5120,2026-07-30,27.7
전자부품,LED·조명,서울반도체,046890,5656,9870,18960,2026-05-04,-47.9,7040,2026-07-30,40.2
전자부품,LED·조명,서울바이오시스,092190,4023,8930,19270,2026-05-14,-53.7,4040,2026-07-30,121.0
전자부품,LED·조명,사피엔반도체,452430,2155,28150,56000,2026-05-26,-49.7,19000,2026-07-30,48.2
2차전지,2차전지 부재료,SK아이이테크놀로지,361610,12562,18220,35100,2025-10-27,-48.1,11840,2026-07-30,53.9
2차전지,2차전지 부재료,솔루스첨단소재,336370,5175,7810,16900,2026-04-23,-53.8,5330,2026-07-29,46.5
2차전지,2차전지 부재료,성일하이텍,365340,4652,36750,85500,2026-04-30,-57.0,23800,2026-07-29,54.4
에너지·전력,원자력,두산에너빌리티,034020,467610,85900,139200,2026-05-07,-38.3,57000,2026-07-29,50.7
에너지·전력,원자력,대우건설,047040,64759,20000,40350,2026-04-28,-50.4,11080,2026-07-30,80.5
에너지·전력,원자력,한전기술,052690,34513,126300,198000,2026-04-16,-36.2,77100,2026-07-29,63.8
에너지·전력,풍력,씨에스윈드,112610,19884,49850,79400,2026-04-03,-37.2,34500,2026-07-30,44.5
에너지·전력,풍력,스피어,347700,11883,23150,57300,2026-03-17,-59.6,12000,2026-07-30,92.9
에너지·전력,풍력,SK오션플랜트,100090,8122,13920,31600,2026-04-03,-55.9,11010,2026-07-30,26.4
금융,은행,기업은행,024110,161479,20500,29550,2026-02-23,-30.6,19300,2026-06-26,6.2
금융,은행,카카오뱅크,323410,103058,21600,29500,2026-02-20,-26.8,19110,2026-06-26,13.0
금융,은행,케이뱅크,279570,22638,5640,9880,2026-03-05,-42.9,5220,2026-07-09,8.0
2차전지,2차전지 양극재,POSCO홀딩스,005490,259516,339500,542000,2026-05-07,-37.4,275000,2026-07-29,23.5
2차전지,2차전지 양극재,포스코퓨처엠,003670,152009,184000,299500,2026-05-08,-38.6,114700,2026-07-30,60.4
2차전지,2차전지 양극재,에코프로,086520,119347,92000,190000,2026-02-26,-51.6,63400,2026-07-29,45.1
반도체,메모리 반도체,삼성전자,005930,15024936,266000,374500,2026-06-19,-29.0,189200,2026-07-29,40.6
반도체,메모리 반도체,SK하이닉스,000660,12206527,1730000,2987000,2026-06-25,-42.1,1246000,2026-07-29,38.8
반도체,메모리 반도체,파두,440110,31069,64500,129400,2026-05-22,-50.2,46950,2026-07-29,37.4
금융,보험,삼성화재해상보험,000810,289316,682000,757000,2026-06-04,-9.9,545000,2026-05-29,25.1
금융,보험,DB손해보험,005830,118228,184000,214000,2026-02-23,-14.0,126900,2026-06-26,45.0
금융,보험,현대해상,001450,43136,48950,51800,2026-08-26,-5.5,33300,2026-06-26,47.0
소재,제지·펄프,국일제지,078130,3963,3515,5970,2026-04-22,-41.1,2725,2026-06-08,29.0
소재,제지·펄프,아세아제지,002310,3377,8350,11380,2026-02-19,-26.6,6800,2026-07-29,22.8
소재,제지·펄프,한솔제지,213500,1785,7470,9390,2025-09-25,-20.4,5930,2026-06-26,26.0
제약·바이오,유전체·진단서비스,HEM파마,376270,2808,39300,97500,2026-01-29,-59.7,33700,2026-07-30,16.6
제약·바이오,유전체·진단서비스,쓰리빌리언,394800,1731,5190,20100,2025-12-15,-74.2,4260,2026-07-30,21.8
제약·바이오,유전체·진단서비스,EDGC,245620,1671,741,741,2025-06-04,0.0,741,2026-03-13,0.0
소비재,가구·인테리어,에이스침대,003800,3682,32700,39850,2026-02-20,-17.9,29800,2026-06-02,9.7
소비재,가구·인테리어,퍼시스,016800,3220,27750,50800,2025-12-16,-45.4,23500,2026-06-26,18.1
소비재,가구·인테리어,LX하우시스,108670,3089,34900,43000,2026-05-04,-18.8,28700,2026-06-26,21.6
2차전지,2차전지 셀·팩,LG에너지솔루션,373220,817830,370500,527000,2025-10-29,-29.7,290500,2026-07-29,27.5
2차전지,2차전지 셀·팩,삼성SDI,006400,418239,569000,723000,2026-04-30,-21.3,341500,2026-07-29,66.6
2차전지,2차전지 셀·팩,세방전지,004490,7914,60100,77700,2026-02-23,-22.7,46900,2026-07-30,28.1
소비재,주류·음료,하이트진로,000080,10871,15180,19530,2025-09-12,-22.3,13830,2026-06-26,9.8
소비재,주류·음료,롯데칠성음료,005300,9093,97500,154800,2025-12-12,-37.0,93900,2026-06-26,3.8
소비재,주류·음료,한국알콜,017890,2762,14240,16265,2026-08-11,-12.5,10730,2026-06-08,32.7
산업재,우주항공,한화에어로스페이스,012450,568229,1150000,1655000,2026-03-04,-30.5,783000,2026-07-29,46.9
산업재,우주항공,쎄트렉아이,099320,7874,74200,224000,2026-02-03,-66.9,55800,2026-07-29,33.0
산업재,우주항공,아스트,067390,2131,5060,10390,2026-02-23,-51.3,3990,2026-07-30,26.8
에너지·전력,에너지저장장치(ESS),한전산업,130660,3537,13070,27800,2026-02-20,-53.0,8810,2026-07-30,48.4
에너지·전력,에너지저장장치(ESS),코칩,126730,1643,18700,36500,2026-05-29,-48.8,9310,2026-07-30,100.9
에너지·전력,에너지저장장치(ESS),윤성에프앤씨,372170,1628,21300,43900,2025-10-27,-51.5,11230,2026-07-30,89.7
IT·플랫폼,웹툰·웹소설,키다리스튜디오,020120,1890,5800,6390,2026-08-26,-9.2,2800,2026-06-24,107.1
IT·플랫폼,웹툰·웹소설,고스트스튜디오,950190,1127,8400,10430,2025-11-20,-19.5,7140,2026-05-29,17.6
IT·플랫폼,웹툰·웹소설,디앤씨미디어,263720,900,7130,17100,2025-08-19,-58.3,5780,2026-07-30,23.4
제약·바이오,비만·대사질환 치료제,디앤디파마텍,347850,26265,56300,116600,2026-06-17,-51.7,45000,2026-07-30,25.1
제약·바이오,비만·대사질환 치료제,인벤티지랩,389470,3979,29200,101700,2026-03-13,-71.3,22650,2026-07-29,28.9
제약·바이오,비만·대사질환 치료제,휴온스글로벌,084110,2893,30900,76700,2026-03-11,-59.7,20100,2026-07-29,53.7
산업재,보안·경비,에스원,012750,30323,85500,103000,2026-04-08,-17.0,67000,2026-06-26,27.6
산업재,보안·경비,한화비전,489790,26456,51600,97900,2026-03-25,-47.3,30950,2026-07-29,66.7
산업재,보안·경비,에스오에스랩,464080,1854,9820,28700,2026-01-23,-65.8,6550,2026-07-29,49.9
2차전지,2차전지 음극재,동진쎄미켐,005290,21407,42900,72200,2026-05-26,-40.6,32200,2026-07-29,33.2
2차전지,2차전지 음극재,대주전자재료,078600,13757,92500,183300,2026-04-24,-49.5,59100,2026-07-29,56.5
2차전지,2차전지 음극재,나노신소재,121600,5910,50900,95300,2026-04-24,-46.6,33200,2026-07-30,53.3
IT·플랫폼,IDC·클라우드,NHN,181710,22927,70100,78200,2026-08-18,-10.4,31500,2026-06-26,122.5
IT·플랫폼,IDC·클라우드,케이아이엔엑스,093320,7096,142000,163700,2026-08-12,-13.3,100600,2026-06-26,41.2
IT·플랫폼,IDC·클라우드,가비아,079940,6174,45550,47900,2026-07-23,-4.9,28500,2026-06-26,59.8
산업재,승강기·산업설비,현대엘리베이터,017800,29124,75500,113400,2026-02-23,-33.4,61800,2026-07-29,22.2
산업재,승강기·산업설비,경동나비엔,009450,9368,62900,83200,2025-09-08,-24.4,57800,2026-06-26,8.8
산업재,승강기·산업설비,파세코,037070,1066,5650,9980,2026-05-04,-43.4,4990,2026-06-26,13.2
반도체,HBM 밸류체인,워트,396470,996,6290,10960,2026-05-07,-42.6,4125,2026-07-30,52.5
반도체,HBM 밸류체인,에프엔에스테크,083500,953,11990,24150,2026-05-26,-50.4,9550,2026-07-29,25.5
반도체,HBM 밸류체인,KX하이텍,052900,766,989,2430,2026-05-26,-59.3,795,2026-07-30,24.4
자동차,완성차,현대자동차,005380,862030,398000,783000,2026-06-01,-49.2,338500,2026-07-29,17.6
자동차,완성차,기아,000270,526667,126100,212500,2026-02-27,-40.7,114700,2026-07-29,9.9
자동차,완성차,KG모빌리티,003620,5454,2685,4670,2026-01-28,-42.5,2525,2026-07-29,6.3
자동차,타이어,한국타이어앤테크놀로지,161390,82749,65600,78400,2026-02-23,-16.3,58100,2026-06-26,12.9
자동차,타이어,한국앤컴퍼니,000240,22832,24150,36450,2026-02-23,-33.7,22200,2026-06-26,8.8
자동차,타이어,금호타이어,073240,20108,7110,8850,2026-08-14,-19.7,4220,2026-06-24,68.5
제약·바이오,바이오시밀러,셀트리온,068270,451277,191300,239244,2026-02-24,-20.0,158500,2026-06-08,20.7
제약·바이오,바이오시밀러,삼성에피스홀딩스,0126Z0,91694,386000,773000,2026-01-02,-50.1,336000,2026-07-29,14.9
제약·바이오,바이오시밀러,프레스티지바이오파마,950210,3684,6250,15350,2025-09-08,-59.3,4945,2026-07-21,26.4
산업재,해운,HMM,011200,215530,21450,24950,2026-03-03,-14.0,17910,2026-06-26,19.8
산업재,해운,팬오션,028670,33785,5620,6600,2026-03-03,-14.8,4400,2026-06-26,27.7
산업재,해운,대한해운,005880,6842,2115,3385,2026-04-13,-37.5,1650,2026-07-29,28.2
2차전지,폐배터리 재활용,에코프로머티,450080,25528,38650,88800,2026-04-27,-56.5,27100,2026-07-29,42.6
2차전지,폐배터리 재활용,KG에코솔루션,151860,2651,5550,7600,2026-04-30,-27.0,4745,2026-06-08,17.0
2차전지,폐배터리 재활용,DS단석,017860,2053,11890,26450,2026-04-23,-55.0,9560,2026-07-30,24.4
소비재,담배,케이티앤지,033780,182084,174500,192400,2026-06-16,-9.3,164000,2026-06-26,6.4
소비재,담배,이랜텍,054210,1732,6850,14490,2026-04-27,-52.7,5700,2026-07-29,20.2
소비재,담배,유아이엘,049520,1154,3735,4345,2026-04-09,-14.0,3310,2026-07-29,12.8
