종목코드,소액주주비율,주주수,기준연도
079940,22.8,5575,2025
078890,67.01,17754,2025
000500,16.14,15344,2025
399720,45.77,47447,2025
036620,56.41,15625,2025
000860,35.79,3099,2025
198440,30.63,21342,2025
217730,73.87,17809,2025
035250,37.5,99145,2025
114190,49.64,39375,2025
094480,45.35,32412,2025
011420,53.69,8222,2025
039240,40.89,14335,2025
053950,51.42,26502,2025
002100,23.89,10312,2025
009450,34.7,27457,2025
267290,42.78,5949,2025
011040,33.71,11575,2025
000050,18.79,10387,2025
214390,38.2,12213,2025
012610,61.24,33937,2025
009140,28.6,2083,2025
013580,52.12,15395,2025
012200,46.55,15446,2025
002140,49.91,14489,2025
010130,14.97,35825,2025
002240,23.79,9040,2025
014570,46.58,7873,2025
348150,64.85,26099,2025
950190,43.68,11960,2025
098460,55.61,121069,2025
035290,43.13,9324,2025
215000,48.61,20791,2025
183410,13.61,184,2023
009290,41.26,27409,2025
086220,8.87,285,2025
017040,65.77,21263,2025
029480,56.9,18582,2025
017900,38.87,12555,2025
037710,31.98,6648,2025
030610,14.3,15929,2025
339770,29.55,22238,2025
053270,43.16,12503,2025
007690,30.79,11421,2025
001140,71.55,18204,2025
066620,23.1,3809,2025
043650,40.31,14181,2025
006050,73.47,11176,2025
060480,52.72,5006,2025
078130,10.86,46793,2025
307750,40.51,24900,2025
002720,57.17,16206,2025
035080,59.16,47203,2025
318060,47.47,16990,2025
453450,42.5,21682,2025
204020,42.8,4434,2025
0015G0,45.43,28775,2025
402490,47.01,19725,2025
114450,63.57,23607,2025
083420,34.65,19478,2025
186230,73.4,19021,2025
014530,75.82,12368,2025
900070,44.9,5080,2025
204620,48.11,21100,2025
014280,39.72,12876,2025
053260,19.21,9567,2025
001570,72.31,235865,2025
282720,45.29,14999,2025
002990,47.84,26645,2025
011780,49.22,75188,2025
001210,57.72,9853,2025
073240,38.28,118487,2025
036190,27.33,4973,2025
049080,62.1,19190,2025
035460,59.2,7794,2025
092440,28.17,5214,2025
000270,54.06,359184,2025
024110,27.7,228703,2025
004540,39.72,18143,2025
187790,69.53,7543,2025
238540,2.9,5,2025
121600,69.85,108352,2025
286750,57.44,5034,2025
039860,58.96,37052,2025
244880,23.45,224,2025
405920,21.56,4269,2025
478340,34.8,36668,2025
051490,60.86,13701,2025
137080,51.08,17922,2025
190510,52.79,10682,2025
242040,69.46,13788,2025
459510,44.74,33758,2025
257990,22.96,354,2025
293580,34.37,9091,2025
138610,80.7,20395,2025
036800,31.7,6545,2025
366030,33.09,14661,2025
001260,32.32,9281,2025
008350,68.44,94341,2025
003920,30.31,6342,2025
025860,40.5,41374,2025
111710,14.77,4229,2025
091590,40.74,5600,2025
168330,49.41,12680,2025
094860,62.13,8920,2025
253590,43.53,37818,2025
212560,44.2,4416,2025
095660,49.7,17009,2025
042420,22.02,8246,2025
950220,78.59,42586,2025
311390,40.15,4847,2025
085910,52.1,8891,2025
153460,23.33,1311,2025
007390,81.76,61906,2025
033640,72.7,48484,2025
330860,48.72,22969,2025
005720,22.59,4163,2025
002350,21.01,40932,2025
089140,69.38,16684,2025
389650,56.83,21019,2025
137940,54.64,13936,2025
396270,66.94,45512,2025
348210,59.48,14767,2025
092790,37.06,20932,2025
225570,29.56,47421,2025
205500,47.15,11872,2025
217270,31.39,19578,2025
251270,27.66,98033,2025
317860,25.44,161,2025
104620,55.81,34503,2025
090350,43.42,15655,2025
000320,22.57,5973,2025
473980,55.5,11626,2025
194700,47.45,12788,2025
285490,31.29,12401,2025
283100,27.29,300,2024
145170,46.19,22143,2025
229500,48.52,2153,2025
106520,75.23,16330,2025
376930,76.06,25026,2025
006280,40,47600,2025
142280,48.23,19404,2025
234690,43.98,8729,2025
005250,41.52,26208,2025
004370,38.1,45210,2025
072710,30.64,15142,2025
040160,46.66,5972,2025
332290,43.04,9901,2025
348340,74.6,54745,2025
380550,64.54,40493,2025
463020,39.07,23840,2025
123840,17.63,7348,2025
012340,78.98,17482,2025
462310,28.43,6927,2025
270870,36.87,7957,2025
144960,48.33,11038,2025
085670,56.34,17687,2025
064260,76.97,125068,2025
340360,58.03,5118,2025
039560,68.94,27952,2025
058730,56.23,9874,2025
030210,36.89,11156,2025
023590,32.98,19575,2025
032190,30.83,13181,2025
145210,63.38,11390,2025
483650,47.11,60391,2025
464580,37.91,12499,2025
019680,12.71,19115,2025
006370,39.14,3423,2025
008060,49.34,12689,2025
353200,56.59,74176,2025
000490,55.36,28813,2025
178600,3.9,147,2025
020400,40.11,3282,2025
008830,46.17,18672,2025
048470,48.09,8464,2025
008110,6.23,2488,2025
004780,40,6631,2025
005750,30.45,6072,2025
017650,26.6,3510,2025
006570,13.78,2342,2025
389260,15.38,15733,2025
317850,45.4,10039,2025
078140,40.9,10899,2025
065150,38.87,10368,2025
001680,38.01,37286,2025
084690,26.73,19362,2025
036480,53.1,5775,2025
027830,44.35,15344,2025
129920,44.6,20772,2025
020180,70.17,11968,2025
003540,40.55,29576,2025
009190,56.48,14266,2025
108380,31.3,6976,2024
006580,2.99,1058,2025
014160,43.68,29791,2025
047040,41.78,297705,2025
003090,21.8,25197,2025
069620,26.3,19079,2025
007680,21.22,3930,2025
000430,36.26,10856,2025
048910,58.1,26215,2025
005710,26.5,3366,2025
006340,66.51,64333,2025
003220,47.85,19787,2025
024890,10.2,14027,2025
120240,42.99,10963,2025
003310,64.17,25957,2025
114920,11.06,101,2025
078600,61.41,80891,2025
008340,0.19,514,2025
393970,67.17,21472,2025
012800,56.37,25595,2025
015230,33.07,6280,2025
096350,80.53,16491,2025
140520,35.94,5283,2025
010170,77.22,63247,2025
054670,56.87,10916,2025
001070,28.82,2215,2025
023910,43.02,7086,2025
006650,52.96,26146,2025
001440,51.67,294536,2025
084010,19.58,7660,2025
001790,37.92,22185,2025
001130,42.66,4574,2025
439260,25.38,106371,2025
003490,60.14,718523,2023
005880,46.55,233550,2025
003830,13.84,1116,2025
069460,45.5,10099,2025
021040,34.68,6380,2025
067080,62.3,22961,2025
298540,44.01,12685,2025
032860,34.78,7976,2025
475560,25.41,63778,2025
192080,38.61,11422,2025
393890,52.78,38689,2025
299170,37.46,9898,2025
065310,12.6,935,2025
012510,42.34,27271,2025
462860,29.49,25448,2025
224060,78.83,18987,2025
302920,4.42,48,2025
043090,70.3,6229,2025
403850,43.53,70328,2025
213420,35.15,32635,2025
317330,48.83,42271,2025
077360,39.69,22615,2025
004830,67.12,24762,2025
090410,59.43,21062,2025
0001A0,4.13,31,2025
263600,45.14,14709,2025
194480,35.62,31997,2025
373160,21.8,9448,2025
263800,32.65,13150,2025
199150,30.1,357,2025
017680,4.44,412,2025
206560,70.06,59616,2025
261200,64.1,11915,2025
145720,51.5,28375,2025
484120,28.42,20746,2025
002150,36.57,12813,2025
006620,55.9,15598,2025
005160,41.19,16454,2025
303810,29.57,10514,2025
460850,53.18,47174,2025
075970,44.61,13570,2025
460860,47.98,60007,2025
086450,52.78,47368,2025
001230,35.98,47250,2025
100130,47.5,25397,2025
023450,17.49,2210,2025
004140,75.28,46437,2025
240550,51.99,12540,2025
099410,57.4,9006,2025
007590,30.6,4364,2025
005960,39.91,14308,2025
026960,29.12,28130,2025
002210,79.65,21131,2025
102260,52.86,10079,2025
033500,50.57,27541,2025
025950,28.95,20179,2025
170900,45.21,15255,2025
028100,35.48,7926,2025
001520,43.94,34406,2025
084670,45.9,27349,2025
082640,19.63,12537,2025
060380,41.2,6932,2025
079960,42.97,5123,2025
228340,37.32,6642,2025
088910,46.2,6145,2025
094170,75.9,22796,2025
013120,25.45,10201,2025
006040,18.97,17972,2025
030720,73.88,7952,2025
014820,15.66,15982,2025
111380,24.84,4315,2025
163560,31.55,10220,2025
109860,18.09,1951,2025
032960,17.06,1787,2025
023790,54.43,11571,2025
002690,31.91,6098,2025
005290,50.89,74720,2025
025900,16.7,23895,2025
000020,61.46,25228,2025
000150,31.96,60853,2025
454910,26.9,300780,2025
241560,43.12,46373,2025
034020,63.32,1117843,2025
131970,48.59,50966,2025
336260,52.62,169370,2025
016740,33.38,8037,2025
073190,36.2,4079,2025
176750,31,7260,2025
030350,76.05,19387,2025
035430,3.41,9921,2025
203650,56.17,29580,2025
223250,25.37,8222,2025
060570,27.01,11126,2025
362990,29,3783,2025
192650,50.21,27056,2025
016670,29.61,7232,2025
041500,49.23,1998,2025
024090,20.66,3427,2025
003160,45.2,36569,2025
001530,43.91,10505,2025
092200,62.51,39135,2025
110990,38.94,9921,2025
214680,64.07,19606,2025
347850,80.37,107390,2025
377190,32.39,15458,2025
263720,28.85,16992,2025
376300,36.98,43159,2025
104040,43.46,17733,2025
109740,51.63,4285,2025
031860,84.12,15384,2023
066900,15.54,2859,2025
092070,51.53,8195,2025
001880,25.16,29199,2023
039840,48.97,14155,2025
013570,58.61,16475,2025
219550,64.8,9928,2025
210540,48.45,8966,2025
104460,36.23,6224,2025
113810,57,7444,2025
043360,34.1,2364,2025
197140,37.24,2691,2025
068930,50.14,4790,2025
033130,57.3,9864,2025
105740,49.7,9277,2025
263020,47.62,3811,2025
290550,39.44,8406,2025
066670,40.54,10888,2025
383930,63.55,8991,2025
163430,42.98,946,2023
131180,37.66,3951,2025
315640,75.85,32228,2025
900110,50.93,13380,2025
317120,78.62,18458,2025
462510,46.48,19444,2025
232680,47.56,9969,2025
042510,57.99,24910,2025
418420,62.46,17050,2025
300120,52.57,12293,2025
171120,36.3,4860,2025
388790,40.66,12365,2025
065160,32.69,4833,2024
214260,71.04,15097,2025
403360,12.61,223,2025
171010,58.66,12621,2025
084650,72.85,35877,2025
217500,47.27,14542,2025
092590,14.7,149,2025
266170,24.72,216,2025
038390,20.52,9736,2025
294140,44.95,20966,2025
443250,20.31,10880,2025
228670,66.48,16720,2025
228850,30.19,6881,2025
412350,84.77,51840,2025
281740,59.19,51969,2025
277810,39.1,162714,2025
090360,59.9,68301,2025
108490,68.07,149804,2025
900260,24.57,7477,2025
204630,70.62,26343,2025
033290,26.59,10003,2025
223220,9.77,156,2025
067730,44.99,8071,2025
376900,72.66,38280,2025
214610,40.56,14620,2025
032350,44.43,44380,2025
089860,27.14,228576,2025
330590,39.05,29073,2025
000400,16.3,15672,2025
023530,35.75,40699,2025
020150,37.3,81140,2025
280360,19.37,12705,2025
286940,30.75,13911,2025
004000,40.99,35418,2025
004990,21.57,53655,2025
005300,28.44,13608,2025
011170,38.49,100760,2025
071840,33.4,19082,2025
328130,81.4,110469,2025
038060,64.8,10475,2025
474170,42.28,19076,2025
162120,39.87,984,2025
253610,35.75,600,2025
141080,62.79,102871,2025
058470,58.49,62851,2025
012700,48.1,16511,2025
302550,51.2,6562,2025
491000,30.3,94417,2025
394420,13.97,157,2025
073570,44.96,34907,2025
377450,34.37,11835,2025
042500,41.4,7258,2025
003050,0.4,1909,2024
474650,62.86,18806,2025
219420,48.06,10359,2025
439090,44,38682,2025
027740,69.99,34364,2025
195500,70.55,11403,2025
357430,50.15,13535,2025
377480,78.73,40953,2024
305090,48.5,5919,2025
098120,53.97,7351,2025
424980,48.9,16071,2025
038290,69.58,13867,2025
001080,15.89,1370,2025
267980,31.54,27488,2025
005990,14.06,4293,2025
093520,24.7,7009,2025
179720,13.49,135,2025
100590,44.8,11570,2025
067280,30.47,5785,2025
072870,38.31,11142,2025
215200,41.59,10913,2025
133750,48.7,12421,2025
446540,35.36,11345,2025
235980,66.3,34744,2025
200580,24.03,549,2025
041920,41.22,7063,2025
233250,7.8,113,2025
014100,60.66,8325,2025
086900,67.64,35208,2025
078160,51.65,23027,2025
021880,40.09,5822,2025
140410,73.16,33533,2025
241770,37.07,3926,2025
059210,59.29,8681,2025
065560,9.34,2218,2025
058110,66.68,12543,2025
072770,78.21,8230,2025
017180,70.62,19844,2025
009900,54.56,77698,2025
317450,23.2,59420,2025
012690,49.01,16023,2025
070960,43.17,12682,2025
434480,43.2,21185,2025
080420,12.8,5183,2025
417970,35.14,17763,2025
080160,67.74,43151,2025
087260,76.6,24156,2025
012860,52.47,14971,2025
363260,36.47,10078,2025
348030,36.35,7757,2025
288980,63.28,17823,2025
142760,72.49,15576,2025
009680,25.18,9182,2025
118990,57.68,37040,2025
463480,31.23,14811,2025
006920,55.11,7002,2025
038340,5.34,8544,2025
009200,45.61,9436,2025
009580,33.03,11751,2025
001810,31.55,5299,2025
135160,24.24,460,2025
322970,31.95,556,2025
033920,26.49,9799,2025
279600,27.58,1594,2025
095500,67.84,52763,2025
254490,25.11,21395,2025
025560,65.09,23908,2025
218150,44.07,17496,2025
007120,60.44,8733,2025
357250,66.03,6611,2025
085620,13.42,13147,2025
006800,31.34,199783,2025
208890,5.24,50,2025
049950,57.95,17753,2025
207760,36.89,22433,2025
081660,36.84,23470,2025
002840,34.38,3536,2025
268280,23.86,2175,2025
134380,29.48,1753,2025
351020,4.42,16,2025
003650,20.9,1598,2025
059090,59.43,28094,2025
201490,70.95,25676,2025
475460,43.53,16102,2025
452200,49.7,41264,2025
206640,51.26,14965,2025
035620,67.1,16013,2025
354390,25.36,345,2025
053030,79.07,52889,2025
301300,54.17,12315,2025
377740,14.15,9861,2025
064550,78.1,42195,2025
489460,29.59,17189,2025
086820,76.58,9244,2025
038460,61.62,16375,2025
251120,36.8,4428,2025
199730,43.68,8097,2025
266470,42.77,1609,2025
289170,28.34,353,2025
086040,63.2,13685,2025
188040,39.99,4972,2025
199290,19.94,263,2025
099430,55.71,32621,2025
032980,67.84,12930,2025
308080,74.93,58107,2025
043150,33.77,10558,2025
323990,88.05,71164,2025
003610,32.15,3359,2025
267790,40.8,7376,2025
046310,55.62,5674,2025
331520,45.76,4508,2025
199480,57.21,22856,2025
066410,51.06,65854,2025
002410,75.91,24625,2025
382900,40.42,46908,2023
206400,67.42,5517,2025
019010,24,2126,2025
177350,69.06,19518,2025
457600,34.63,7781,2025
424760,38.01,3587,2025
007210,47.98,15017,2025
250000,25.03,5946,2025
002760,57.79,12850,2025
003850,27.97,34620,2025
310210,49.33,32759,2025
006910,77.9,51345,2025
000890,75.11,20639,2025
226340,53.33,10288,2025
003000,67.22,64686,2025
001270,9.32,7397,2025
026940,48.03,10489,2025
014470,40.6,11784,2025
011390,45.23,6016,2025
008470,30.14,3488,2025
100120,48.46,8596,2025
406820,35.85,6917,2025
099390,49.05,11882,2025
064480,59.8,11383,2025
089970,68.36,14151,2025
251630,42.62,9291,2025
018290,53.15,48472,2025
478560,15.8,6593,2025
006740,60.04,20386,2025
439580,68.36,39020,2025
191600,1,48,2025
369370,20.5,3203,2025
126340,71.16,12393,2025
318410,55.34,6302,2025
100220,42.13,6538,2025
146320,47.81,21192,2025
200780,54.6,7992,2025
413640,38,7807,2024
141000,72.98,7911,2025
090460,55.38,27111,2025
083650,54.35,60372,2025
065170,64.53,13224,2025
086670,34.83,4048,2025
335890,1.8,3248,2025
488900,25.16,7290291,2025
082920,43.95,15361,2025
054220,56.18,14423,2023
042370,36.56,24293,2025
050090,53.19,8857,2025
148780,60.46,12307,2025
307870,42.27,4676,2025
377030,65.57,47544,2025
032850,71.1,20355,2025
049470,30.09,10374,2025
238200,48.2,4843,2025
065450,68.59,30433,2025
005180,40.87,30225,2025
069540,65.82,14064,2025
072950,61.33,7922,2024
451250,34.36,14693,2025
143240,23.28,4992,2025
466410,32.55,21375,2025
003960,24.8,13334,2025
008040,36.17,17743,2025
007160,32.41,5490,2025
014710,16.86,7113,2025
006090,19.66,3927,2025
223310,41.83,12163,2025
452430,51.09,12172,2025
419120,42.88,9600,2025
008270,0.08,1830,2025
062040,35.3,76115,2025
122350,67.68,19494,2025
419050,46,23601,2025
014970,18.19,9294,2025
005610,20.36,17155,2025
018310,27.08,3940,2025
012210,11.82,2688,2025
053700,58.48,15196,2025
009620,68.25,13880,2025
023600,28.27,5328,2025
001470,96.61,115289,2025
006660,41.87,17123,2025
028260,42.46,107908,2025
207940,21.72,85805,2025
032830,30.69,75290,2025
018260,41.56,98400,2025
0126Z0,21.75,111037,2025
009150,52.97,195857,2025
005930,66.04,4195927,2025
001360,88.39,75127,2025
010140,64.56,667844,2025
016360,63.03,95633,2025
068290,38.25,24112,2025
029780,14.2,29051,2025
000810,54.95,17942,2024
028050,66.26,94189,2025
448730,19.77,9551,2025
006400,68.6,593685,2025
006110,39.26,35381,2025
009300,22.7,3862,2025
0120G0,44.55,14595,2025
145990,28.08,11113,2025
003230,47.2,71504,2025
482630,31.36,13663,2025
484590,34.92,43401,2025
036670,40.2,6121,2025
272550,27.28,7789,2025
000070,42.77,8436,2025
003720,63.93,11782,2025
002810,34,3815,2025
054540,69.96,37316,2025
005680,31.66,5276,2025
023000,24.51,5081,2025
014950,33.01,11944,2025
032280,54.68,6157,2025
002290,40.41,5257,2025
004440,31.34,5286,2025
000520,66.2,12256,2025
009770,18.79,1334,2025
037460,40.4,9501,2025
0013V0,39.09,39200,2025
005500,49.68,10531,2025
000250,60.25,69329,2025
024950,50.44,17051,2025
038500,31.16,37070,2025
437730,22.89,44829,2025
017480,32.64,7705,2025
010960,53.68,9713,2025
046390,48.28,14011,2025
004450,27.59,1856,2025
009470,46.73,16960,2025
011230,48.53,11469,2025
001820,69.66,34465,2025
027580,75.91,17155,2025
038540,46.99,7525,2025
001290,33.94,8826,2025
041650,44.9,9339,2025
091580,69.69,20165,2025
042940,76.56,26381,2025
042600,34.7,14237,2025
107600,41.31,29501,2025
411080,42.27,19431,2025
252990,34.67,23915,2025
007540,30.88,6711,2025
248170,35.7,10665,2025
378800,82.82,20615,2025
294630,82.06,35489,2025
038070,60.02,21426,2025
006730,43.11,29882,2025
079650,23.6,3052,2025
100660,37.8,9741,2025
007860,43.4,13273,2025
200880,42.9,20614,2025
019770,47,9361,2025
092190,31.91,16891,2025
046890,68.17,66112,2025
031210,11.25,18452,2025
004410,80.6,61248,2025
027040,48.37,5700,2025
018680,37.33,5954,2025
021050,60.11,15157,2025
093920,47.6,8649,2025
178320,42.64,52607,2025
140070,40.38,10672,2025
011370,50.51,13233,2025
065710,31.6,5608,2025
008490,35.3,15098,2025
035890,19.44,22720,2025
003100,35.09,5504,2025
007610,64.29,10335,2025
067370,48.99,4383,2025
171090,40.97,13639,2025
136490,45.71,10254,2025
086710,44.53,12616,2025
014620,41.77,32143,2025
014910,67.77,8480,2025
004980,46.08,17438,2025
458650,24.83,60155,2025
081580,52.29,3471,2025
015750,51.38,50008,2025
340930,49.41,24987,2025
365340,49.35,78507,2025
080470,47.62,6056,2025
043260,39.39,16437,2025
148150,39.09,19702,2025
002420,34.92,1973,2025
061090,35.54,25299,2025
188260,42.05,4052,2025
053060,63.08,3492,2025
340440,37.6,8995,2025
017510,61.2,20677,2025
490470,28.45,410312,2025
004360,45.83,10377,2025
004490,34.04,18657,2025
011560,36.57,4229,2025
396300,50.8,25678,2025
306200,25.5,10952,2025
003030,16.1,5159,2025
052190,28.63,8345,2025
013000,55.08,7536,2025
091090,50.12,35676,2024
021820,34.98,2170,2025
067830,26.4,5851,2025
258830,74.09,30835,2025
036630,34.93,18347,2025
075580,40.58,59317,2025
067770,43.42,3693,2025
053450,67.83,13145,2025
252500,63.52,9144,2025
321370,70.65,23324,2025
331920,70.5,11113,2025
471820,12.63,3435,2025
299660,89.03,30678,2025
108860,83.75,80056,2025
318160,34.23,3653,2025
308430,60.61,15787,2025
258250,49.72,723,2023
068270,57.26,504214,2025
068760,45.2,124589,2025
068940,74.73,11285,2025
007720,52.59,13482,2025
053110,55.26,21036,2023
950200,44.91,12837,2025
258790,55.47,10403,2025
066910,68,18656,2025
215090,65.79,18474,2025
238500,62.46,2398,2025
336370,45.31,74200,2025
248070,51.6,37923,2025
035610,39.24,17966,2025
357780,37.9,23904,2025
036830,20.23,18528,2025
304100,76.54,61541,2025
328380,36,5480,2025
004430,46.78,13491,2025
086980,39.38,48270,2025
017550,45.28,18215,2025
050960,37.45,7011,2025
126720,26.88,13188,2025
084180,46.51,7916,2025
253840,71.81,32313,2025
185190,16.27,150,2025
298830,50.59,41495,2025
236200,48.19,7916,2025
094840,36.92,5908,2025
192440,39.31,11157,2025
099440,61.01,31271,2025
066590,71.09,20871,2025
276040,73.7,21114,2025
060240,60.62,15601,2024
330730,27.36,19505,2025
352090,26.68,7790,2025
253450,33.25,102962,2025
408900,32.57,14501,2025
415380,41.42,8100,2025
475040,22.11,1006,2025
026890,42.05,22617,2025
013810,63.42,13616,2025
039670,14.25,6301,2025
347700,43.87,35065,2025
020710,39.01,8915,2025
033170,61.34,21615,2025
048870,54.79,13653,2025
025320,83.79,38856,2025
134790,24.07,3490,2025
340810,62.11,14510,2025
226440,59.85,14508,2025
000480,12.91,5899,2025
056090,53.54,13069,2025
429270,68.84,29289,2025
418250,42.35,15063,2025
131090,51.3,7040,2025
462870,19.87,77563,2025
016590,13.54,2520,2025
290520,41.27,8172,2025
004970,26.55,3567,2025
001000,18.87,4915,2025
025870,42.6,4272,2025
215600,83.06,119790,2025
070480,10.53,1135,2025
416180,38.66,25332,2025
011930,77.62,235033,2025
004170,53.99,54986,2025
034300,57.3,12499,2023
012580,3.42,2049,2025
031440,34.17,10699,2025
035510,39.65,13689,2025
006880,25.38,8382,2025
162300,20.7,8476,2025
002800,46.73,14423,2025
005800,17.18,2173,2025
001720,18.8,6056,2025
009270,65.89,22965,2025
012790,65,17984,2025
138070,40.76,4950,2025
226330,85.15,31906,2025
002870,45.13,9533,2025
019170,58.39,123717,2025
005450,27.08,3406,2025
481850,52.02,21121,2025
293940,56.6,20806,2025
055550,65.89,137469,2025
056700,60.6,8108,2025
187270,59.12,6513,2025
095190,54.53,31441,2025
004080,16.76,1806,2025
257720,45.95,96451,2025
222800,63.87,99228,2025
036710,41.14,12553,2025
444530,57.23,14503,2025
234030,34.43,26408,2025
160980,42.73,7982,2025
356890,40.9,9694,2025
217330,40.72,19612,2025
102280,42.8,34726,2025
003410,16.37,162657,2023
004770,86.8,21090,2025
217320,1.31,30,2025
208640,64.67,18626,2025
222420,44.73,8759,2025
037760,28.17,4181,2025
099320,46.89,34044,2025
049960,45.6,6962,2025
088280,36.97,12182,2025
403550,10.6,14480,2025
050890,78.5,54401,2025
394800,56.6,19758,2025
177900,58.38,10522,2025
475400,49.91,47219,2025
066790,76.4,37391,2025
004920,30.51,4303,2025
236030,28.49,81,2025
103660,16.24,265,2025
352480,19.68,23718,2025
245450,7.59,44,2025
032040,8.78,3989,2025
264660,38.62,9343,2025
352700,45.78,9909,2025
297090,46.44,25211,2025
112610,52.97,92237,2025
900120,57.08,11580,2025
359090,34,6620,2025
286000,40.76,469,2023
115530,57.65,3898,2025
388210,32,29677,2025
376290,30.6,13178,2025
189330,60.07,11938,2025
096530,70.28,107440,2025
480370,30.02,13732,2025
101240,41.5,5158,2025
308170,45.83,16671,2025
013990,62,25735,2025
175140,56.86,6596,2025
123860,51.92,5751,2025
025980,65.7,73623,2025
008700,65.08,25334,2025
290690,82.13,23010,2025
125210,51.75,15958,2025
090430,43.69,162936,2025
002790,25.7,44615,2025
052710,63.86,12777,2025
074430,64,13912,2025
083930,66.96,8944,2025
149950,35.59,4068,2025
036010,49.95,11515,2025
002030,15.24,1789,2025
183190,26.4,12478,2025
002310,35.87,9971,2025
050860,46.64,7238,2025
012170,70.89,15338,2025
136410,47.5,12609,2025
246720,45.43,3697,2025
450950,42.64,11631,2025
067390,22.54,19787,2025
159010,36.93,13920,2025
127710,31.06,6304,2025
020560,19.81,145893,2024
267850,23.77,8037,2025
154030,68.19,14884,2023
227610,54.82,4979,2025
331740,49.44,24577,2025
143160,32.8,5996,2025
066430,61.77,10062,2025
122900,41.16,13586,2025
339950,31.75,8344,2025
469750,47.7,11765,2025
460470,43.2,19343,2025
099190,57.3,22429,2025
461300,26.12,18094,2025
289010,56.58,10745,2025
214430,51.2,10685,2025
368600,44.09,6715,2025
456010,64.07,35569,2025
052860,54.3,5612,2025
464500,53.14,14425,2025
010780,36.14,24327,2025
212710,49.59,12643,2025
307180,64.6,7760,2025
403810,14.5,67,2025
493280,9.08,29,2025
461030,44.9,22289,2025
226350,25.12,3655,2023
451220,52.82,13602,2025
078860,31.9,13933,2025
090150,58.3,8303,2025
031310,49.81,8482,2025
462980,38,26170,2025
185490,70.43,23442,2025
059100,44.67,2856,2025
149010,16.17,185,2025
262840,51.59,8464,2025
175250,79.5,24943,2025
052460,58,8926,2025
119830,57.68,8927,2025
052770,53.81,6220,2025
124500,66.74,18596,2025
031820,71.1,16826,2025
010280,46.66,10080,2025
243870,13.1,194,2025
232830,44.52,15171,2025
372800,38.22,11696,2025
084850,28.23,21554,2025
309710,27.72,16032,2025
114840,44.94,11018,2025
139990,22.34,86935,2025
027360,31.39,33130,2025
032080,56.4,12111,2023
013310,69.82,17551,2025
059120,57.5,12750,2025
009320,62,16828,2025
0007C0,41.23,26474,2025
203690,53.15,11505,2025
158430,64.09,22816,2025
297570,55.28,12875,2024
200350,54.1,25591,2024
321820,44.38,13374,2025
001540,37.64,8420,2025
053800,35.99,28935,2025
251280,27.17,338,2025
065660,71.28,12965,2025
260660,59.4,11309,2025
354320,45.07,26932,2025
361570,35.62,20551,2025
131370,47.3,32457,2025
003190,78.3,37183,2025
140670,69.8,23050,2025
096610,61.08,15653,2025
061040,74.74,14456,2025
123010,70.15,9135,2025
476830,41.89,42651,2025
347860,83.14,51923,2025
196170,70.05,247613,2025
123750,50.03,6361,2025
459550,47.79,12368,2025
085810,59.83,7070,2025
117670,51.27,13473,2025
043100,65.07,16185,2025
314140,35.04,14063,2025
293780,58.01,24244,2025
161000,37.7,32957,2025
390110,7.82,132,2025
310200,38.29,13742,2025
299910,5.06,3140,2023
179530,51.08,6581,2025
397810,29.12,4158,2025
0011A0,1.6,4,2025
052790,39.5,7388,2025
138360,46.17,6811,2025
092600,58.56,9723,2025
126870,65.88,14249,2025
174900,77.2,17626,2025
109960,19.49,10138,2025
255440,43.7,7123,2025
102120,69.82,38315,2025
238120,36.97,2527,2025
224810,7.84,74,2025
019990,50.3,13762,2025
011090,70.14,21971,2025
435570,22.44,10988,2025
270660,43.56,34936,2025
038680,62.87,10466,2025
137310,23.3,109173,2025
121890,56.42,2431,2025
304360,72.9,15933,2025
389500,58.79,34825,2025
065420,54.07,7566,2025
270210,20.31,257,2025
103230,41.09,2959,2025
260970,48.46,10573,2025
101490,58.94,34420,2025
095910,70.38,14897,2025
031330,42.75,22095,2025
112240,43.1,6747,2025
0008Z0,55.29,28472,2025
005850,20.49,23235,2025
246250,52.43,9758,2025
258540,29.8,482,2024
041510,37.07,39297,2025
010580,12.42,11619,2025
460870,38.39,7192,2025
464080,61.4,42698,2025
109610,60.71,22644,2025
365330,53.84,24570,2025
012750,17.09,7903,2025
306040,45.5,8157,2025
025530,28.07,4731,2025
217910,22.41,344,2025
398120,39.76,4345,2025
326030,31.8,146340,2025
033630,0.76,3222,2025
475660,28.3,5833,2025
488280,53.71,18762,2025
234300,75.64,14755,2025
026220,53.82,3106,2025
039440,58.92,27079,2025
098660,17.6,1263,2025
237690,58.48,50214,2025
458350,2.75,9,2025
050760,52.64,7575,2025
288620,62,22999,2025
317830,47.72,22335,2025
058610,60.82,90560,2025
043340,23.58,6158,2025
023960,72.22,8654,2025
163280,57.44,27548,2025
298690,43.48,44899,2025
054630,85.47,17367,2025
200710,67.05,29967,2025
475580,44.27,72593,2024
078520,34.47,13275,2025
298380,65.93,147503,2025
203400,71.66,26017,2025
003800,14.59,3417,2025
088800,31.12,48209,2025
241840,57.6,23833,2025
364950,48.63,9030,2025
312610,42.89,8462,2025
015260,42.83,6997,2025
172670,62.06,29609,2025
495900,2.27,4,2024
234070,7.41,120,2025
481070,15.51,5889,2025
140910,53.21,4892,2025
060900,51.67,12038,2025
445090,59.58,37459,2025
010620,38.78,50239,2024
042670,54.94,118379,2024
295310,47.15,32199,2025
072990,42.19,5085,2025
037340,42.37,6438,2025
044990,49.41,15851,2025
239610,28.24,5129,2025
036170,54.41,14075,2025
148930,55.07,12620,2025
044780,48.64,2663,2025
357230,27.57,25332,2025
355690,52.28,8572,2025
071670,50.36,15762,2025
200470,44.66,14525,2025
207490,6.87,52,2025
007460,57.36,49074,2025
003060,41,41262,2025
397030,69.45,39931,2025
244920,48.1,5853,2025
278470,49.26,96749,2025
230240,48.06,13197,2025
159910,39.13,11590,2025
230360,44.2,18905,2025
097780,52.55,29499,2025
038870,59.65,15857,2025
448280,26.72,13484,2025
101360,78.89,38348,2025
086520,72.1,488957,2025
450080,36.12,148577,2025
247540,51.8,523088,2025
383310,59.87,77943,2025
038110,65.9,30050,2025
073540,43.75,4283,2025
036810,56.06,26288,2025
173940,31.01,5471,2025
083500,44.48,6690,2025
446440,72.09,104,2025
317530,36.66,9298,2025
950130,62.81,32735,2025
373110,73.86,33148,2025
205100,56.66,16570,2025
356680,29.09,24927,2025
373200,36.08,6359,2025
092870,53.6,21759,2025
019490,52.08,9723,2025
059180,4.5,2,2025
317870,56.67,3783,2025
0004V0,12.19,1852,2025
236810,65.78,16593,2025
140610,51.03,4298,2025
333620,44.45,19956,2025
475230,31.52,52466,2025
224760,2.9,85,2025
391060,52.79,22887,2023
422040,39.74,6755,2024
437780,52.37,4403,2024
466910,48.86,2595,2025
265740,41.92,7572,2025
354200,56.9,12242,2025
455900,59.6,76227,2025
093510,2.71,74,2025
183490,61.2,23495,2025
085310,57.72,19398,2025
182400,35.51,41156,2025
348370,76.18,123802,2025
068420,21.5,898,2025
069410,71.11,7572,2025
004250,29.72,16600,2025
048830,46.3,4915,2025
096870,39.81,2201,2025
276240,51.39,514,2025
376190,24.39,45687,2023
138690,6.72,5006,2023
290650,59.03,61137,2025
066970,69.88,256827,2025
156100,75.4,14811,2025
010120,40.1,108607,2025
073110,39.56,6133,2025
037950,39.32,17257,2025
489500,32.89,11523,2025
170920,63.7,5257,2025
058630,59.39,15787,2025
226590,49.07,12841,2025
058970,48.2,27652,2025
008120,7.43,1235,2025
097520,62.63,47970,2025
373170,25.37,7060,2025
179290,27.4,6994,2025
484870,20.39,8502,2025
009780,24.18,5561,2025
123040,41.85,25096,2025
432980,35.09,4402,2025
323230,52.26,3001,2023
347890,34.33,7097,2025
032790,31.98,10282,2025
033160,57.99,23338,2025
033310,57.84,13693,2025
259630,61.92,14263,2025
115960,23.57,15681,2023
060850,46.13,4921,2025
014440,30.89,6706,2025
143540,64.7,11406,2025
111770,25.92,8152,2025
009970,23.1,5596,2025
003520,47.55,77297,2025
000670,18.75,7627,2025
036000,34.6,6257,2025
250930,39.7,6276,2025
053280,44.29,23313,2025
122640,58.21,11344,2025
476040,47.98,20000,2025
212310,27.01,845,2025
045060,59.48,9125,2025
192410,31.24,6198,2025
080520,74.54,7139,2025
007310,32.78,37321,2025
039830,37.79,7001,2025
322310,39.73,16591,2025
046120,84.21,28229,2025
475830,65.44,31938,2025
014940,51.55,39592,2025
065500,61.82,29175,2025
271560,40.99,42317,2025
001800,27.33,20889,2025
010470,29.11,5650,2025
417860,37.42,8402,2025
053980,60.57,8780,2025
036220,35.78,10920,2025
052420,63.92,40456,2025
039200,67.63,53409,2025
048260,0.6,785,2025
342870,29.9,4424,2025
368970,38.93,13226,2025
138080,70.99,28580,2025
080580,53.51,12203,2025
067170,53.66,16982,2025
353590,53.36,19731,2025
173130,49.2,7939,2025
440320,43.75,8496,2025
049480,54.4,16905,2025
394280,59.67,46407,2025
476060,44.38,39370,2025
382150,51.35,18586,2025
005320,62.77,9879,2025
244460,38.8,10837,2025
226950,77.58,62480,2025
057540,73.5,17187,2025
131030,41.39,6854,2025
082210,60.99,20282,2025
109080,50.54,10476,2025
380540,30.35,12476,2025
432430,46.84,26390,2025
338840,63.27,15313,2025
122990,61.73,18541,2025
232140,30.95,46228,2025
065530,43.5,15135,2025
067900,49.58,11869,2025
007530,43.53,1707,2025
155650,58.06,8117,2025
251370,46.75,5367,2025
209640,46.87,20018,2025
096250,46.74,10580,2025
273060,29.61,6319,2025
019210,44.5,11935,2025
122870,48.54,57444,2025
011690,53.88,14136,2025
403490,52.1,15302,2025
032820,89,119261,2025
041190,58.4,66965,2025
115440,58.15,10593,2025
046970,67.53,17782,2025
082850,61.31,30930,2025
073560,46.4,10151,2025
037400,56.29,7534,2025
153490,44.1,5499,2025
101170,40,10336,2025
006980,40.29,6589,2025
103840,59.8,19660,2025
101970,18.67,5153,2025
065680,34.3,2827,2025
105840,57.97,26923,2025
018620,74.53,9568,2025
457550,54.66,36364,2025
049800,53.65,5235,2025
016880,51.63,15670,2025
095720,33.26,116810,2025
396470,33.88,15513,2025
005820,23.18,1876,2025
307280,60.24,5119,2025
032940,42.12,9000,2025
104830,31.35,9163,2025
014190,62.67,14629,2025
217820,58.91,40600,2025
030530,44,117308,2025
240810,52.91,70783,2025
074600,57.8,35904,2025
012620,37.84,3111,2025
136150,34.14,16327,2025
382840,57.8,30562,2025
336570,43.08,30695,2025
122830,35.93,892,2025
008370,25.09,2958,2025
101160,51,17550,2025
289930,45.83,31675,2025
010600,92.99,37565,2025
065950,79.08,20528,2025
076080,60.98,13600,2025
043590,40.76,6932,2025
196700,57.16,25040,2025
069080,39.53,23507,2025
053580,45.72,16479,2025
479960,25.56,,2025
039790,36.73,2556,2025
071460,71.18,14957,2025
044340,45.85,23473,2025
330350,43.79,17328,2025
348350,30.41,9418,2025
112040,56.44,89383,2025
101730,22.46,22462,2025
123420,55.04,12204,2025
065370,56.07,7956,2025
140660,6.68,74,2025
038620,58.27,18497,2025
299900,52.82,43357,2025
036090,64.83,22415,2025
459100,38.16,10790,2025
136540,33.7,8617,2025
097800,53.2,17719,2025
192390,46.89,4014,2025
008600,86.24,116851,2025
335870,24.97,2514,2025
900340,50.63,6627,2025
033270,50.34,25638,2025
064510,38.84,9860,2025
014830,45,19008,2025
446070,44.42,7003,2025
036200,57.2,27623,2025
018000,81.68,67577,2025
000910,55.87,19594,2025
047400,57.75,29512,2025
203450,42.56,3497,2025
011330,52.35,7361,2025
077500,43.33,13638,2025
011320,53.44,15971,2025
086390,55.95,25652,2025
241690,35.9,8839,2025
142210,58.92,11251,2025
121060,14.49,149,2025
389680,40.22,5403,2025
088340,52.29,13187,2025
048430,29.2,9868,2025
206650,72.93,33565,2025
495810,4.48,13,2025
084440,41.3,4206,2025
264450,39.06,7192,2025
002920,40.6,4199,2025
024800,28.16,4677,2025
000700,26.72,6641,2025
054930,47.52,7495,2025
069330,50.46,3479,2025
049520,44.6,5202,2025
003470,37.72,39569,2025
263770,28.45,7278,2025
337840,29.18,647,2025
072130,42.99,4341,2025
388720,51.84,58607,2025
023410,46.94,20947,2025
056080,46.47,68705,2025
001200,60.74,30321,2025
084370,34.47,29110,2025
240600,53.71,14669,2025
179900,60.64,8402,2025
263050,74.54,18248,2025
000100,43.91,176618,2025
069110,30.22,7824,2024
003460,21.92,3733,2025
191410,39.85,3548,2025
372170,41.61,41980,2025
146060,38.2,5297,2025
008730,37.2,23659,2025
039020,36.03,6836,2025
025820,42.74,27529,2025
067920,40.2,3791,2025
044960,58.35,13167,2025
303530,53.25,12724,2025
302430,38.92,10169,2025
214320,40.33,21918,2025
462350,65.17,91946,2025
274400,57.59,17710,2025
296640,50.42,8092,2025
215790,63.7,10030,2025
333050,31.69,2917,2025
469610,47.18,37321,2025
088390,30.7,10266,2025
272290,53.01,30806,2025
053350,31.92,3869,2025
452400,28.01,19457,2025
264850,40.29,24724,2025
054210,44.44,14251,2025
009730,63.68,14578,2025
164060,57,15114,2023
065440,70.83,15580,2025
088260,25.55,6509,2025
139480,58.75,99792,2025
010090,0.72,3023,2023
424870,32.21,36313,2025
115610,64.4,8665,2025
131400,82.69,57633,2025
351330,36,12251,2025
080010,22.64,2585,2025
457190,62.23,68072,2025
086890,55.89,22873,2025
005950,65.88,81538,2023
015020,69.68,15137,2025
047560,74.6,33465,2025
067010,56,11280,2025
341310,4.2,226,2024
456070,56.43,22097,2025
102710,43.69,18176,2025
074610,93.04,45682,2025
041520,42.03,3671,2025
063760,64.22,4327,2025
123570,25.57,5005,2025
091120,59.7,23726,2025
232530,9.41,715,2025
102460,41.71,19763,2025
039030,43.9,25640,2025
294090,78.8,34920,2025
088290,67.7,5962,2025
084680,34.41,25403,2025
181340,60.68,15158,2023
353810,38.29,13796,2025
261520,23.13,17735,2025
334890,59.11,6566,2025
099750,52,6740,2025
377330,50.06,26004,2025
035810,43.74,15199,2025
092130,25.49,12432,2025
134060,36.87,2392,2025
001840,49.93,14726,2025
000760,17.68,2274,2025
014990,36.49,10264,2025
041830,38.62,9439,2025
352940,58.07,10100,2025
101140,21.11,13558,2025
216400,26.21,676,2025
079950,61.84,5548,2025
0007J0,2.49,4,2025
389470,72.2,34740,2025
277410,70.38,15418,2025
060150,48.52,44781,2025
033230,73.5,28827,2025
465480,27.76,12733,2025
037330,42.26,7565,2025
023800,54.09,13954,2025
211050,39.64,11802,2025
083640,61.32,16794,2025
064090,47.8,6390,2025
216050,48.81,8293,2025
049070,52.07,26105,2025
311960,47.9,377,2025
119610,43.96,6593,2025
017250,39.35,3458,2025
129260,37.78,7169,2025
051370,46.8,20922,2025
064290,71.86,20344,2025
189300,62.08,30963,2025
287840,61.39,35801,2025
150840,79.11,23122,2025
048530,72.51,16733,2025
070590,43.21,4335,2025
115310,11.2,1854,2025
039290,55.52,15373,2025
071200,45.94,8802,2025
101930,43.24,4229,2025
249420,62.82,82732,2025
000230,48.46,15643,2025
033550,33.18,1535,2025
013360,39.59,34029,2025
003120,11.58,3346,2025
333430,24.57,16476,2025
068330,63.3,32145,2025
003200,29.74,2477,2025
007110,56.85,29640,2025
007570,68.46,40756,2023
178780,43.22,6354,2025
081000,48.41,27049,2025
103590,32.74,18806,2023
094820,53.4,26146,2025
271940,28,138744,2025
015860,33.2,11564,2025
226320,18.75,13833,2025
950140,31.76,9420,2025
049550,37.61,3780,2025
389020,37.26,17310,2025
043910,81.62,34106,2025
234920,31.26,13802,2025
289220,57.36,51208,2025
317400,33.39,18210,2025
033240,48.62,16279,2025
174880,69.26,11218,2025
049630,77.75,43908,2025
000950,35.29,1211,2025
079900,19.4,27212,2024
110020,64.91,2593,2025
208140,48.22,11870,2025
040420,48.05,8663,2025
045510,31.36,4423,2025
217190,49.75,4817,2025
095700,76.28,75946,2025
072520,58.67,34445,2024
122310,61.06,6309,2025
361390,49.78,17343,2025
066830,22.1,198,2024
225220,59.17,7706,2025
123330,41.2,7499,2025
381620,56.19,30813,2025
147830,49.3,13073,2025
033100,57.35,54220,2025
079370,53.35,29770,2025
054950,39.1,12941,2025
090470,56.01,6825,2025
033320,44.92,17062,2025
417500,31.96,9159,2025
039230,38.04,5142,2024
204270,29.56,32051,2025
127120,70.38,12540,2025
194370,38.51,11386,2025
026040,48.57,7718,2025
452160,24.5,6441,2025
126880,78,21602,2025
322510,79.03,24429,2025
254160,5.55,71,2025
033050,50.93,5968,2025
094970,50.37,5225,2025
204210,67.26,4660,2025
060230,60.53,16182,2025
420570,29.28,6054,2025
089790,58.45,8180,2025
030000,30.99,35292,2025
052670,40.7,2014,2025
271980,32.88,18864,2025
412540,25.02,30522,2025
199820,37.24,24281,2025
002620,22.94,4480,2025
080220,75.01,103591,2025
006220,20.99,22571,2025
089590,40.3,71694,2025
216080,66.11,10522,2025
337930,43.18,14144,2025
229000,65.94,8641,2025
248020,21.1,225,2023
082270,70.84,42225,2025
004910,40.11,6964,2023
004700,8.85,2261,2025
001550,43,8950,2025
462520,18.65,7752,2025
120030,20.23,3792,2025
034940,78.3,16750,2025
067000,52.22,25711,2025
309930,32.77,3522,2025
018470,55.17,38404,2025
002600,19.97,1004,2025
018700,54.54,16292,2025
185750,32.13,40640,2025
063160,56.96,21201,2025
001630,32.15,10704,2025
033340,50.8,28860,2025
036930,54.25,66117,2025
109070,48.05,8581,2025
051980,65.63,56184,2025
221800,27.7,7713,2025
228760,79.56,22385,2025
314130,51.37,22785,2025
013890,42.42,12943,2025
389030,55.2,22034,2025
263860,28.85,8939,2025
303030,67.72,13152,2025
036180,45.7,8742,2024
155960,10.36,2141,2025
208350,42.27,3553,2025
446840,33.91,3965,2025
340450,48.33,21049,2025
306620,46.47,18077,2025
358570,45.99,16971,2023
382480,38.79,26194,2025
382800,61.96,15218,2025
051160,60.66,15102,2025
037640,5.29,1262,2025
076340,21.31,161,2025
388610,49.37,11823,2025
493330,14.3,2742,2025
119850,51.77,34893,2025
065060,54.9,10235,2025
204840,60.29,8817,2025
071320,22.18,8381,2025
111820,17.4,3059,2025
456160,80.9,84784,2025
388050,61.3,30910,2025
088790,38.85,3981,2025
018120,20.64,5076,2025
109820,78.99,23660,2025
086060,51.18,5530,2025
036890,33.83,12488,2025
363250,61.1,9072,2025
007370,59.72,6606,2025
010640,40.29,3456,2025
100250,32.65,6895,2025
272450,41.49,44664,2025
285800,43.69,8973,2025
011000,85.37,107920,2025
250030,18.45,453,2025
002780,51.7,48241,2025
233990,36.44,434,2025
085660,71.04,53162,2025
351870,12.69,6535,2025
009310,45,7342,2025
094850,48.7,26253,2025
004650,52.39,8003,2025
278280,52.59,65989,2025
000650,14.26,11249,2025
001490,2.2,637,2025
362320,36.45,15053,2025
013720,60.57,10294,2025
012600,32.31,7893,2025
066360,36.23,5615,2025
047820,53.36,61487,2025
291650,55.77,11873,2025
094360,51.79,47136,2025
0082N0,7.19,31,2025
284620,61.25,12990,2025
446600,0.01,2,2023
035720,64.96,1600467,2025
293490,44.52,214623,2025
323410,27.53,581836,2025
377300,23.88,326663,2025
140430,38.76,9768,2025
042000,51.25,37301,2025
313760,54.14,4534,2025
071850,40.34,2842,2025
210120,68.17,5912,2025
050110,79.52,25618,2025
452300,52.65,7985,2025
451760,52.29,23156,2025
900310,39.22,8960,2025
078340,59.14,43833,2025
291230,67.01,30569,2025
063080,57.84,22942,2025
263700,56.45,13401,2025
214370,27.7,21526,2025
221980,28.3,1847,2025
900280,77.88,16582,2023
038530,64.59,20254,2025
279570,8.98,197565,2025
001620,47.64,5989,2025
192250,61.77,18475,2025
431190,46.25,21230,2025
029460,34.92,8871,2025
002380,36.44,14825,2025
344820,52.19,26278,2025
115500,33.33,13470,2025
281820,33.34,17767,2025
025880,62.59,8142,2025
093320,28.1,5364,2025
093640,80.8,12476,2025
226360,54.72,24517,2025
033180,47.33,48658,2025
081970,5.04,1249,2025
105330,36.05,3715,2025
053080,45.87,21904,2025
199430,52.87,22713,2025
432470,33.84,10397,2025
272110,48.53,5852,2025
039420,51.7,8870,2025
032500,66.46,90298,2025
225430,61.21,8681,2025
068100,45.99,11253,2025
106080,59.98,9077,2025
455180,42.7,7622,2025
030200,44.56,162577,2025
053210,38.03,13047,2025
036030,27.03,25182,2025
033780,57.46,133565,2025
064820,33.74,16179,2025
024880,51.3,8147,2025
042040,75.21,36294,2025
054410,34.06,2941,2025
288180,18.78,1988,2025
258610,39.38,5348,2025
274090,65.52,32749,2025
402420,8.15,75,2025
089010,73.46,65405,2025
176590,20.22,345,2025
052400,52.37,33868,2025
402030,37.07,33793,2025
391710,30.06,17109,2025
046070,21.4,5454,2025
047770,33.6,10791,2025
080530,31.14,4349,2025
417310,35.55,11721,2025
357120,36,11731,2025
007810,41.14,29111,2025
190650,27.84,3424,2025
123410,45.88,18680,2025
003690,36.42,25251,2025
036690,51.45,12977,2025
049430,34.23,3865,2025
183300,47.46,20714,2025
041960,59.13,24960,2025
089890,46.53,7110,2025
082660,73.49,10096,2025
043710,25.71,4129,2025
192820,53.7,44078,2025
044820,32.7,4019,2025
222040,52.13,8140,2025
241710,38.07,13442,2025
005070,64.88,158213,2025
005420,66.18,101551,2025
355150,49.07,6019,2025
169670,19.36,333,2025
071950,54.13,5198,2025
166480,79.25,28190,2025
045970,72.45,20696,2025
196450,48.66,10530,2025
002020,44.52,27161,2025
003070,18.16,15698,2025
102940,56.29,16308,2025
120110,59.21,58191,2025
950160,35.13,59318,2025
021240,59.31,17222,2025
056360,54.6,9355,2025
282880,58.96,26801,2025
121850,72.21,11566,2025
448710,63.74,10781,2025
126730,26.22,18095,2025
052330,26.54,4940,2025
322780,48.53,5585,2025
036420,54.46,39564,2025
215380,52.3,11154,2025
200130,36.62,37471,2025
024720,38.2,21906,2025
294570,43.2,30000,2025
284740,21.58,13524,2025
464490,54.81,21483,2025
317690,66.4,14315,2025
078940,54.08,6153,2024
432720,61.16,40386,2024
456190,3.13,11,2025
365270,84.44,27835,2025
348080,39.36,11286,2025
086460,23.56,219,2024
060280,63.5,59869,2025
115180,65.82,15098,2025
494120,55.4,27685,2025
445680,76.05,21889,2025
182360,43.64,12426,2025
405100,31.7,13375,2025
377460,3.67,36989,2025
136660,27.58,392,2025
016600,55.2,10344,2025
355390,81.99,18557,2025
264900,31.45,11585,2025
005740,35.01,9066,2025
259960,43.25,92886,2025
096240,52.26,18459,2025
040350,59.16,12230,2025
110790,19.67,3696,2025
900250,65.46,33380,2025
214150,30.84,39734,2025
466100,74.93,143562,2025
237880,35.05,19649,2025
139670,66.74,18686,2025
020120,36.01,16445,2025
039490,40.81,29492,2025
054780,66.43,22683,2025
256940,64.37,9699,2025
336040,19.1,480,2025
219130,34.8,4930,2025
346010,5.43,35,2025
318660,16.2,441,2025
476710,4.67,22,2025
434190,8.79,217,2025
336680,12.99,71600,2025
360070,41.22,14173,2025
180060,29.6,696,2025
065130,55.97,9926,2025
134580,25.12,4382,2025
014580,49.67,15771,2025
015890,37.9,10646,2025
006890,37.01,12684,2025
023160,38.86,18666,2025
003240,15.97,3805,2025
011280,28.29,18407,2025
323280,69,37574,2025
053620,18.96,2872,2025
052960,8.76,201,2025
004100,53.5,16544,2025
009410,13.63,26232,2025
044490,32,30951,2025
124560,53.58,15283,2025
001420,24.8,1502,2025
191420,45.7,5417,2025
066700,69.07,17519,2025
095610,60.12,29574,2025
055490,53.71,9304,2025
064520,30.6,8179,2025
089030,65.08,73553,2025
258050,21.13,408,2025
047730,18.04,1333,2025
054450,66.5,35498,2025
078000,14.8,2181,2025
200230,80.48,41329,2025
214420,43.55,22408,2025
393210,52.82,15215,2025
475960,57.11,28523,2025
215480,62.09,10078,2025
051360,59.8,8167,2025
045340,59,8532,2025
108230,54.03,19399,2025
079970,55.15,10575,2025
199800,71.96,17694,2025
417790,41.49,14963,2025
091810,27.71,71589,2025
290090,27.78,18517,2025
026150,72.39,20175,2025
464280,43.62,9055,2025
117730,79.77,74646,2025
033830,31.1,8832,2025
084870,40.94,4051,2025
057680,59.83,12436,2025
204610,36.06,9981,2025
125020,36.89,18536,2025
064760,30.7,13569,2025
246710,75.48,19517,2025
340570,51.48,16210,2025
043220,85.23,19498,2025
277880,47.3,18471,2025
131290,32.24,9967,2025
019180,57.19,6481,2025
425420,23.88,11293,2023
484810,28,24171,2025
131100,31.27,11831,2025
356860,54.84,28085,2025
062860,7.19,1814,2025
413300,10.73,101,2025
217590,27.98,34173,2025
363280,33.54,15958,2025
321550,56.24,12712,2025
425040,49.97,13252,2025
241790,57.18,7626,2025
022220,50.34,8332,2025
069260,36.27,27071,2025
104480,52.1,23023,2025
081150,50.7,15220,2025
130740,48.3,3965,2025
217880,47.62,1109,2025
440110,53.98,64129,2025
034230,45.89,43554,2025
290560,25.48,3568,2025
288330,45.71,11972,2025
033540,67.91,13761,2025
388870,58.73,21084,2025
043200,73.19,17094,2025
214450,39.85,60587,2025
217950,27.4,1004,2025
208340,36.25,27016,2025
005690,83.49,70607,2025
177830,52.42,7760,2025
037070,28.61,19183,2025
150900,55.06,5809,2025
047310,66.24,39616,2025
368770,31.11,10712,2025
170790,41,4613,2025
049120,41.18,5182,2025
387570,36.85,6443,2025
441270,65.15,25676,2025
106240,53.6,11387,2025
131760,82.77,12002,2025
065690,43.5,3211,2025
140860,53.2,16584,2025
091700,62.11,30629,2025
202960,24.76,498,2025
032800,68.79,27846,2025
318010,21.67,2303,2025
036580,34.55,11088,2025
027710,50.91,42490,2025
004720,70.23,20031,2025
266350,27.55,904,2025
225590,37.01,3727,2025
068050,59.11,12831,2025
028670,40.14,215873,2025
222110,39.15,3249,2025
271830,46.89,14000,2025
010820,44.94,23049,2025
016800,7.83,1558,2025
263750,42.28,96506,2025
251970,26.29,10379,2025
187660,55.67,18157,2025
001020,11.2,8650,2025
327610,25.95,532,2025
168360,47.19,9183,2025
087010,91.52,117034,2025
010770,29.94,7300,2025
064800,61.88,11735,2025
119500,55.3,7234,2025
389140,73.67,35728,2025
105760,55.14,21659,2025
058430,43.2,25401,2025
009520,49.04,98229,2025
047050,19.45,146393,2025
003670,33.24,374519,2025
022100,30.41,228149,2024
256630,37.97,5027,2025
331380,46.3,2836,2025
208710,57.99,17658,2025
472850,22.46,5715,2025
234100,61.07,29000,2025
041020,65.53,37003,2025
114630,46.58,5536,2025
039980,53.61,33139,2025
041910,58.99,12325,2025
220180,34.25,3878,2025
290720,16.3,5152,2025
005670,38.38,4714,2025
094940,67.24,14166,2025
007330,15.32,6261,2025
017810,27.66,46062,2025
023900,31.19,13919,2025
103140,45.63,106165,2025
005810,41.33,15864,2025
371950,23,27201,2025
298060,40.19,16583,2025
370090,58.06,36830,2025
445180,36.32,19872,2025
220100,80.82,29155,2025
334970,39.78,23439,2025
950210,29.84,31708,2025
227100,50.88,6105,2024
296160,18.59,1052,2025
053610,35.2,12125,2025
468530,64.42,31862,2025
303360,38.75,3994,2025
377220,57.04,20862,2025
335810,41.81,11875,2025
053160,36.7,4698,2025
060910,9.79,165,2024
006490,92.39,27339,2025
405000,40.99,4071,2025
041590,54.16,6779,2025
367000,42.27,23078,2025
075130,52.36,5983,2025
222670,44.25,558,2025
009810,69.5,8622,2025
237820,29.62,7053,2025
023770,56.3,5240,2025
300080,62.67,13522,2024
033790,20.06,7694,2025
150440,48.03,760,2023
032580,69.5,11479,2025
0117P0,12.2,26,2025
241820,59.4,15358,2024
452450,45.43,32561,2025
237750,48.34,4978,2025
460940,47.9,23087,2025
319660,61.07,28439,2025
031980,28.39,27581,2025
043370,25.83,4999,2025
239890,47.5,8507,2025
347740,29.41,7813,2025
137400,70.7,86622,2025
257370,51.9,9217,2025
147760,46.49,4726,2025
128660,32.24,9213,2025
006140,27.45,4488,2025
376180,43.94,12472,2025
087600,40.21,4235,2025
291810,47.13,7430,2025
378340,42.78,48570,2025
161580,62.42,92228,2025
347770,55.5,7160,2025
163730,63.94,15889,2025
417180,54.9,11809,2025
299030,69.55,45183,2025
067310,67.57,88614,2025
166090,39.1,21429,2025
293480,41.31,9671,2025
039130,59.87,65570,2025
136480,39.78,155995,2025
003380,43.14,49341,2025
049130,14.85,2078,2025
365590,41.96,8416,2025
149980,33.3,9884,2025
013030,37.7,10202,2025
352820,47.53,183627,2025
126700,57.27,17417,2025
071090,43.1,12410,2025
160190,18.7,54459,2025
221840,46.8,6532,2025
106190,48.27,2797,2025
000080,38.99,91455,2025
000140,26.2,9662,2025
065650,53.33,11986,2025
036460,39.28,88243,2025
039340,12.9,2700,2025
005430,31,5225,2025
071050,66.37,62469,2025
010040,22.51,7609,2025
025540,36.15,12978,2025
222980,40.74,10865,2025
010100,54.27,10290,2025
256840,77.93,88236,2025
219750,18.94,5017,2025
004090,44.84,26554,2025
025550,51.78,16466,2025
002200,42.24,2813,2025
002960,46.15,11980,2025
016830,0.02,2823,2025
017890,39.18,11326,2025
000240,20.49,15416,2025
080720,72.54,9828,2025
015760,36.07,640757,2025
041460,75.27,21954,2025
006200,54.4,7849,2025
101680,45.88,4905,2025
053300,40.25,26716,2025
025770,10.99,10990,2025
027970,15.3,9054,2025
023350,35.44,6744,2025
025890,33.87,4423,2025
009760,0.79,444,2025
104700,18.92,7084,2025
062970,87.86,30675,2025
017960,56.07,48252,2025
023760,19.38,9541,2025
161890,40.23,51399,2024
021650,32.3,4347,2025
161390,49.39,28553,2025
034830,40.46,30761,2025
007280,46.43,6608,2024
032300,37.29,19968,2025
037230,25.79,9236,2025
448900,42.4,15222,2025
047810,53.53,162954,2025
003350,30.85,11030,2025
052600,50.87,12421,2025
011500,44.59,30151,2025
002390,42.22,13469,2025
256150,49.68,7554,2025
125490,51.6,61331,2025
092460,40.62,16547,2025
053690,61.05,23119,2025
042700,40.42,280731,2025
008930,23,34664,2025
128940,36.72,68356,2025
452190,57.52,26932,2025
047080,57.07,22072,2025
009240,20.15,35350,2025
452280,29.82,14994,2025
020000,44.4,20263,2023
066980,60.53,14323,2025
105630,21.99,16219,2025
069640,19.49,5029,2025
009180,56.64,110046,2025
114810,48.6,9290,2025
213500,59.69,21318,2025
014680,58.51,26970,2024
004710,76.05,19109,2025
004150,62.11,13867,2025
042520,63.51,13338,2025
004960,58.98,13287,2025
430690,42.96,16844,2025
078350,34.53,7802,2025
045100,32.43,10294,2025
001750,49.87,8065,2025
018880,20.75,141458,2025
009420,54.12,58299,2025
320000,50.25,6223,2025
091440,60.46,5015,2025
276730,46.06,31469,2025
014130,45.51,10102,2023
024740,53.65,16664,2025
005860,55.29,35662,2025
300720,21.36,30647,2025
002220,27.35,3256,2025
006390,18.96,15463,2024
003300,19.84,4125,2025
007770,35.02,3835,2025
052690,30.07,91941,2025
130660,38.82,36571,2025
051600,42.41,65344,2025
198940,62.1,11420,2025
107640,54.48,23980,2025
002320,41.44,13579,2025
003480,42.86,11277,2025
180640,15.52,26010,2025
079170,47.44,3930,2025
009460,59.89,14861,2025
030520,59.34,48008,2025
372910,45.96,38012,2025
054920,58.26,23085,2024
457370,45.93,9866,2025
002680,50.05,10655,2025
098070,30.4,18026,2025
408470,14.6,84,2025
000880,30.12,92297,2025
452260,44.36,139941,2025
451800,19.33,6513,2025
489790,55.39,102821,2025
088350,27.68,209301,2025
000370,45.7,107344,2025
009830,58.03,368665,2025
272210,35.28,230757,2025
012450,51.8,174413,2025
082740,61.72,119717,2025
042660,37.57,670774,2025
003530,47.25,63863,2025
386580,69.63,4320,2023
430460,51.8,3883,2023
455310,57.4,1995,2025
195870,57.89,30549,2025
034810,38.72,12629,2025
059270,60.98,14886,2025
076610,60.79,9262,2025
101530,28.8,14544,2025
143210,33.06,4762,2025
008800,25.77,4550,2025
900270,51.87,13258,2025
214180,44.23,10576,2025
234340,51.49,27098,2025
084990,76.2,37735,2025
000720,48.36,177966,2024
170030,42.53,18700,2025
453340,32.05,13015,2025
086280,37.52,55103,2025
064350,55.8,240625,2025
079430,51.75,25220,2025
012330,55.17,154333,2025
319400,33.04,116849,2025
048410,83.76,71055,2025
052260,61.23,24170,2025
069960,43.71,27278,2025
004560,51.29,16876,2025
016790,58.99,72609,2025
004310,49.22,24475,2024
041440,49.13,16142,2025
039010,41.8,4563,2025
017800,52.87,55714,2025
307950,20.61,62904,2025
011210,44.5,66181,2025
005380,65.95,965758,2025
004020,49.73,139363,2025
005440,18.98,28091,2025
001500,45.49,17830,2025
011760,45.65,12708,2025
227840,46.92,6483,2025
126560,18.59,7692,2025
001450,59.48,32124,2025
460930,38.57,57876,2025
092300,58.92,13024,2025
308100,70.5,13656,2025
093240,63.36,15055,2025
011080,78.34,17606,2025
003010,52.02,11373,2025
111110,39.62,5506,2025
008770,73.71,164869,2025
064240,81.74,8252,2025
378850,35.66,7869,2025
241590,25.12,13493,2025
006060,47.87,11926,2025
013520,38.47,5869,2025
010690,43.64,26513,2025
126640,57.42,9370,2025
133820,53.76,6325,2025
127980,16.82,5460,2025
061250,49.4,18328,2025
000850,36.17,2936,2025
016580,36.7,12240,2025
032560,43.69,8731,2025
004800,29.15,28328,2025
094280,25.68,11044,2025
097870,56.25,10941,2025
298040,40.16,64022,2025
298020,42.8,41938,2025
298000,43.62,27966,2025
093370,50.45,115292,2025
290270,39.6,5585,2025
005870,43.52,12791,2025
353190,53.03,4753,2025
090710,93.44,250312,2025
115160,58.9,18857,2025
028080,39.16,8386,2025
200670,42.38,22812,2025
079980,42.98,12913,2025
065510,53.8,8069,2025
046400,4.75,423,2025
005010,49.55,19789,2025
263920,33.29,4140,2025
243070,37.6,14869,2025
084110,38.25,9308,2025
145020,39.34,23377,2025
010240,36.11,5463,2025
189980,45.43,17094,2025
000540,18.21,9159,2025
003280,29.26,47064,2025
037440,59.5,14099,2025
238490,55.37,10436,2025
095570,40.7,8001,2025
006840,26.53,9028,2025
265520,64.8,24321,2025
211270,50.21,31583,2024
054620,48.29,7504,2025
079810,76.37,44435,2025
027410,30.29,27135,2025
282330,35.34,19859,2025
126600,27.37,13445,2025
001460,31.64,2539,2025
001040,39.07,42369,2025
311690,33.67,9400,2025
079160,45.3,88989,2025
035760,41.97,85984,2025
000120,21.69,32946,2025
011150,51.03,74161,2024
097950,48.82,92139,2025
051500,36.32,10411,2025
058820,71.25,35322,2025
056730,23.63,5563,2025
065770,62.94,8699,2025
083660,55.23,7257,2025
012030,30.04,16253,2025
005830,54.13,18670,2025
016610,43.9,10420,2025
099520,31.97,5086,2025
000300,25.93,20197,2025
290120,31.27,4880,2025
025440,48.16,12541,2025
015590,64.25,13522,2025
000210,40.56,33059,2025
375500,58.99,94692,2025
068790,63.96,12323,2025
007340,28.87,10804,2025
004840,26.7,4088,2025
017860,59.4,52932,2025
241520,60.72,27692,2025
155660,31.34,5406,2025
069730,41.23,6845,2025
180400,34.73,11617,2025
017940,33.8,9145,2025
418620,60.68,17783,2025
245620,70.62,41510,2025
037370,73.45,14736,2025
050120,39.29,5485,2025
365550,33.82,21319,2025
383220,25.37,22344,2025
007700,8.19,9899,2025
214270,55.79,15527,2025
130500,49.27,12661,2025
114090,33.9,18927,2025
019570,54.48,10766,2025
900290,23.15,8777,2025
078930,38.25,43757,2025
006360,63.58,97058,2025
001250,45.62,116921,2025
007070,33.83,72639,2025
499790,33.53,31003,2025
083450,68.79,37422,2025
297890,60.45,22703,2025
440290,41.1,19020,2025
078150,68.61,35021,2025
225530,29.97,7246,2025
060560,39.74,9810,2025
267270,40,42186,2025
009540,49.37,123207,2025
267250,40.07,82060,2025
443060,21.48,44110,2025
071970,55.67,59965,2025
322000,39.21,35109,2025
267260,56.48,104487,2025
329180,22.77,252912,2025
012630,32.94,26792,2025
039570,18.8,4897,2025
089470,32.93,7841,2025
376270,45.64,16692,2025
097230,55.1,148868,2025
195940,42.67,119355,2024
014790,46.16,12449,2025
204320,59.69,132897,2025
060980,42.61,13903,2025
028300,91.29,240239,2025
278650,77.2,42483,2025
067630,78.23,73699,2025
024850,55.18,17324,2025
187420,57.05,9732,2025
047920,79.06,52650,2025
046210,64.32,10106,2025
196300,52.07,4548,2025
011200,23.05,410469,2025
403870,49.66,105559,2025
035000,33.61,5216,2025
002460,34.17,4761,2025
487570,36.53,21162,2025
298050,43.66,52426,2025
139130,70.86,46121,2025
052220,38.46,11359,2025
015360,22.55,6559,2025
294870,44.11,55173,2025
095340,26.5,25939,2025
175330,45.14,33864,2025
950170,23.86,6876,2025
234080,48.85,16643,2025
067290,67.91,23742,2025
001060,52.22,24197,2025
096760,39.86,13256,2025
035900,68.27,184679,2025
105560,70.44,167441,2025
432320,21.97,15947,2025
024120,58.51,7542,2025
318000,61.17,10220,2025
024840,68.7,16181,2025
009440,60.24,11356,2025
119650,16.96,24500,2025
021320,25.95,7223,2025
003620,26.6,80574,2025
016380,34.98,45068,2025
151860,38.73,26348,2025
035600,54.22,26514,2025
001390,45.94,24921,2025
060720,64.26,34679,2025
001940,18.34,4028,2025
058400,43.87,12734,2025
025000,28.3,5780,2025
092230,16.32,4821,2025
101000,90.9,11250,2025
044450,59.54,10807,2025
089600,32.63,9224,2025
418470,42.62,15287,2025
043610,34.55,21050,2025
058850,42.89,20644,2025
058860,56.57,14841,2025
122450,45.99,11226,2025
052900,49.37,9692,2025
036560,13.15,6135,2025
061970,58.61,70155,2025
309960,18.23,7699,2025
093050,27.98,10420,2025
003550,43.52,80181,2025
034220,53.9,364669,2025
064400,37,274657,2025
373220,13.54,759197,2025
032640,51.64,82562,2025
011070,53.65,94425,2025
066570,58.31,511135,2025
037560,39.65,110854,2025
051910,59.26,322694,2025
079550,47.65,94042,2025
073490,66.97,20392,2025
006260,43.76,57868,2025
000680,18.19,17797,2025
060370,29.6,36548,2025
417200,52.48,120735,2025
229640,33.24,38238,2025
078020,23.39,14294,2025
322180,33.84,12054,2025
091970,55.31,7692,2025
108320,61.19,48418,2025
001120,53.59,36319,2025
108670,60.5,25891,2024
383800,53.53,50085,2025
023150,35.33,5914,2025
035420,74.98,1159318,2025
036570,49.8,126940,2025
053290,49.97,15896,2025
054050,42.01,13678,2025
400760,58.64,19149,2025
005940,33.06,88780,2025
338100,67.12,10316,2025
181710,32.79,21193,2025
060250,48.82,51397,2025
104200,44.4,15323,2025
008260,39.62,7166,2025
034310,26.08,5177,2025
063570,44.39,13249,2025
030190,35.23,14117,2025
456040,47.99,46013,2025
010060,50.37,54504,2025
178920,42.77,35159,2025
001340,55.48,17192,2025
024940,47.18,5961,2025
005490,80.31,736413,2025
332570,59.42,29838,2025
327260,39.33,5603,2025
474610,35.44,5731,2025
218410,57.17,40807,2025
010950,28.09,76462,2025
091340,45.7,5707,2025
419530,65.33,34176,2025
003080,34.21,4612,2025
019550,52.73,40342,2025
950110,9.55,3121,2025
034120,51.43,19142,2025
099220,83.45,29012,2025
056190,29.74,22160,2025
222080,63.66,77708,2025
036540,45,87341,2025
255220,74.41,23603,2025
040610,37.26,6332,2025
001380,35.5,8663,2025
004060,47.59,13302,2025
184230,55.77,11390,2025
016250,28.73,4836,2025
005090,41.82,15566,2025
002360,66.34,22078,2025
001770,30.58,1976,2025
009160,19.39,6617,2025
033530,53.8,21196,2025
034730,52.03,146341,2025
006120,36.19,17362,2025
210980,20.26,12795,2025
395400,29.99,59281,2025
302440,26.18,254300,2025
361610,29.08,364670,2025
100090,43.66,69651,2025
096770,28.42,366138,2024
475150,55.06,54279,2025
001510,67.99,74957,2025
285130,49.99,62463,2025
017670,55.2,267803,2025
000660,63.34,1186328,2025
357880,87.33,28836,2024
011790,41.06,158486,2025
048550,46.19,37349,2025
063440,55.06,17758,2025
003570,28.69,12659,2025
064960,38.3,16643,2025
100840,36.36,22608,2025
036530,20.38,5455,2025
067160,44.95,31724,2025
000390,43.88,20949,2025
465770,52.58,17496,2025
077970,29.94,44697,2025
002820,40.58,2558,2025
289080,70.46,22997,2025
041930,46.4,15164,2025
002170,19.56,3725,2025
002710,59.99,68429,2025
089230,55.81,9244,2025
032540,32.79,3579,2025
007980,51.69,9625,2025
048770,48.52,9886,2025
317240,54.73,14167,2025
002900,49.8,22447,2025
024070,40.04,4657,2025
057030,45.89,12816,2025
037270,53.1,45306,2025
040300,21.01,13370,2025
051390,28.6,2506,2025
