종목코드,최대주주명,지분율,본인지분율,특수관계인수,기준일
079940,김홍국,26,18.5,6,2025-12-31
078890,임동연,18.06,15.17,4,2025-12-31
000500,LS전선㈜,81.63,81.62,1,2025-12-31
399720,정규동,47.77,28.81,13,2025-12-31
036620,김호선,29.46,23.98,4,2025-12-31
000860,임예정,50.64,23.95,10,2025-12-31
198440,강대완,69.28,0.1,11,2025-12-31
217730,주식회사 세종,19.79,19.79,0,2025-12-31
035250,한국광해광업공단,36.27,36.27,0,2025-12-31
114190,(주)평산파트너스,47.17,46.34,2,2025-12-31
094480,조현준,54.65,32.99,3,2025-12-31
011420,트리니티에셋매니지먼트(주),40.94,22.41,3,2025-12-31
039240,최석우,42.35,15.75,7,2025-12-31
192520,(주)BNK금융지주,100,100,0,2025-12-31
053950,㈜빌리언스,27.59,17.92,1,2025-12-31
002100,(주)동오홀딩스,67.61,30.64,4,2025-12-31
009450,(주)경동원,57.61,56.72,1,2025-12-31
267290,(주)경동인베스트,50.91,37.04,9,2025-12-31
011040,류기성,45.53,17.51,52,2025-12-31
000050,김담,56.15,20.98,23,2025-12-31
214390,(주)종근당홀딩스,60.56,43.41,7,2025-12-31
012610,김흥준,33.91,20.44,19,2025-12-31
009140,김성은,50.66,49.98,6,2025-12-31
013580,이승찬,38.5,22.97,15,2025-12-31
012200,해성산업㈜,45.27,34,10,2025-12-31
002140,금강공업(주),47.4,47.39,1,2025-12-31
010130,(유)와이피씨,32.88,25.21,15,2025-12-31
002240,홍석표,67.79,20.07,11,2025-12-31
014570,박상훈,50.19,38.84,4,2025-12-31
348150,고광표,29.83,25.7,11,2025-12-31
950190,(주)미투온,53.6,44.01,2,2025-12-31
098460,고영홀딩스,20.48,20,24,2025-12-31
035290,에스제이더블유&골드투자조합,50.34,50.34,0,2025-12-31
215000,골프존홀딩스,39.44,22.01,15,2025-12-31
183410,(주)골프존,100,100,1,2024-12-31
009290,최성원,18.19,6.59,15,2025-12-31
086220,광동제약(주),65.61,65.61,0,2025-12-31
017040,피앤씨테크(주),24.16,23.66,2,2025-12-31
029480,(주)협진,25.59,25.59,0,2025-12-31
017900,나카지마히로카즈,53.13,17.05,6,2025-12-31
037710,(주)신세계,62.84,62.84,1,2025-12-31
192530,(주)JB금융지주,100,100,0,2025-12-31
030610,교보생명보험(주),84.74,84.72,1,2025-12-31
339770,권원강,69.43,69.2,9,2025-12-31
053270,㈜미광정공,45.69,22.37,4,2025-12-31
007690,국도코퍼레이션㈜,32.25,29.44,2,2025-12-31
001140,엠부동산성장1호투자목적 유한회사,27.2,27.19,1,2025-12-31
066620,황창연,53.14,46.53,3,2025-12-31
043650,배중호,42.83,36.59,6,2025-12-31
006050,최재원,14.37,8.08,7,2025-12-31
060480,손인국,42.5,42.27,2,2025-12-31
078130,(주)삼라마이다스,89.14,89.14,0,2025-12-31
307750,홍종호,58.59,42.6,8,2025-12-31
002720,남영우,37.87,8.58,9,2025-12-31
035080,이기형,34.33,34.14,6,2025-12-31
318060,심운섭,28.72,28.14,5,2025-12-31
453450,김구환,28.82,21.74,2,2025-12-31
204020,문영우,37.9,34.72,7,2025-12-31
0015G0,조현일,50.54,32.38,3,2025-12-31
402490,이종범,50.13,25.03,3,2025-12-31
114450,(주)관악상사,26.81,13,2,2025-12-31
083420,(주)건덕상사,59.8,25.47,4,2025-12-31
186230,박영환,31.07,21.27,8,2025-12-31
014530,장홍선,43.82,0,12,2025-12-31
900070,㈜서울메탈홀딩스,49.36,37.78,4,2025-12-31
204620,문양근,23.09,18.98,3,2025-12-31
014280,안영순,39.58,10.83,7,2025-12-31
053260,주광남,52.32,28.74,3,2025-12-31
008870,고기영,57.01,11.76,10,2025-09-30
001570,류광지,26.55,22.09,7,2025-12-31
282720,이윤철,59.89,17.28,19,2025-12-31
002990,금호고속(주),47.77,44.13,5,2025-12-31
011780,박철완,29.16,9.98,14,2025-12-31
001210,(주)신주홀딩스,32.12,2.31,10,2025-12-31
073240,싱웨이코리아 주식회사,45,45,0,2025-12-31
036190,김성기,37.51,14.67,13,2025-12-31
049080,(주)케플러밸류파트너스,27.5,12.3,5,2025-12-31
420770,김종준,60.89,18.05,4,2025-12-31
035460,박병기,35.22,30.77,2,2025-12-31
092440,후타바전자공업(주),70.38,60.89,6,2025-03-31
000270,현대자동차,36.99,35.17,4,2025-12-31
024110,기획재정부,68.5,59.5,2,2025-12-31
004540,최정규,40.03,16.12,9,2025-12-31
187790,신동우,10.5,9.82,10,2025-12-31
238540,김형열,42.96,40.16,2,2025-12-31
121600,박장우,21.79,19.98,15,2025-12-31
286750,(주)드림캐슬종합건설,11.73,11.61,1,2025-12-31
039860,(주)에이플러스에셋어드바이저,41.26,25.56,10,2025-12-31
244880,최무진,46.01,35.46,11,2025-12-31
405920,㈜나라로지스틱스,55.59,51.88,7,2025-12-31
478340,박재필,31.6,20.3,6,2025-12-31
051490,김정훈,13.88,5.93,15,2025-12-31
137080,김민호,47.99,39.79,13,2025-12-31
190510,주식회사 드림텍,39.01,39.01,0,2025-12-31
242040,이수병,17.99,13.2,5,2025-12-31
459510,이종주,45.23,44.85,6,2025-12-31
257990,아스테리온홀딩스 주식회사,69.78,69.78,0,2025-12-31
293580,정지완,65.04,35.46,9,2025-12-31
138610,정종평,19.28,15.18,6,2025-12-31
036800,㈜NICE홀딩스,42.7,42.7,2,2025-12-31
366030,김주영,66.21,32.97,4,2025-12-31
001260,(주)세운건설,62.36,22.37,4,2025-12-31
008350,(주)삼라,30,30,0,2025-12-31
003920,한앤코유업홀딩스 유한회사,63.2,63.2,0,2025-12-31
025860,농협경제지주,56,56,0,2025-12-31
111710,남화토건㈜,85.23,24.77,8,2025-12-31
091590,최재훈,58.86,8.68,21,2025-12-31
168330,(주)서흥,33.71,28.81,6,2025-12-31
094860,JOY FRIENDS PTE. LTD.,16.65,12.86,2,2025-12-31
253590,염동현,55.49,41.65,2,2025-12-31
212560,김선현,51.19,40,7,2025-12-31
095660,㈜네오위즈홀딩스,37.68,31,13,2025-12-31
042420,나성균,45.12,44.93,2,2025-12-31
950220,(주)제넥신,16.63,16.63,0,2025-12-31
311390,아시아홀딩컴퍼니㈜(*1),44.88,24.13,1,2025-12-31
085910,권은영,43.9,17.9,6,2025-12-31
153460,코비코(주),70.78,65.05,10,2025-12-31
007390,(주)바이오스타줄기세포기술연구원,17.83,9.24,8,2025-12-31
033640,이창우,27.3,23.53,6,2025-12-31
330860,(주)네패스,37.22,37.22,0,2025-12-31
005720,강호찬,59.78,48.49,3,2025-12-31
002350,(주)넥센,69.18,46.48,2,2025-12-31
194510,(주)모다,61.71,48.54,3,2025-12-31
089140,(주)스튜디오산타클로스엔터테인먼트,17.99,17.99,0,2025-12-31
389650,이돈행,30.29,26.09,7,2025-12-31
137940,AMPLE OCEAN LIMITED,21.52,21.52,1,2025-12-31
396270,(주)앤씨앤,24.74,23.01,4,2025-12-31
348210,에이피시스템(주),27.02,9.33,3,2025-12-31
092790,박 효 정,61.67,54.15,15,2025-12-31
225570,(주)넥슨코리아,63.38,60.01,1,2025-12-31
205500,(주)링크드,34.06,22.65,5,2025-12-31
217270,㈜크래프톤,50.93,45.07,2,2025-12-31
251270,방준혁,24.16,24.12,12,2025-12-31
317860,구자풍,21.63,17.84,4,2025-12-31
104620,고재경,37.61,11.92,21,2025-12-31
090350,(주)노루홀딩스,52.15,50.5,4,2025-12-31
000320,한영재,45.35,25.68,8,2025-12-31
473980,김영준,32.05,22.41,10,2025-12-31
194700,권석형,31.1,12.5,8,2025-12-31
285490,오춘택,54.74,52.24,9,2025-12-31
283100,허용민,22.4,13.41,4,2024-12-31
145170,김기홍,50.67,28.62,23,2025-12-31
229500,송문진,28.04,6.27,11,2025-12-31
106520,백계승,13.05,13.04,1,2025-12-31
376930,"MSEED, INC",13.72,9.44,3,2025-12-31
486990,김태호,19.85,11.96,1,2025-12-31
006280,㈜녹십자홀딩스,51.41,50.06,13,2025-12-31
142280,㈜녹십자,51.77,40.32,10,2025-12-31
234690,㈜녹십자,40.45,22.08,19,2025-12-31
005250,허일섭,49.15,12.29,31,2025-12-31
004370,(주)농심홀딩스,44.24,32.72,5,2025-12-31
072710,신동원,66.74,42.92,17,2025-12-31
040160,NuriFlex Holdings INC,37.16,26.19,6,2025-12-31
332290,김창균,49.37,24.45,5,2025-12-31
348340,박종훈,19.92,19.26,4,2025-12-31
380550,김동현,25.98,15.28,5,2025-12-31
463020,배성환,49.3,24.44,4,2025-12-31
123840,주식회사 케이피엠테크,77.42,64,4,2025-12-31
012340,장기수,15.52,14.88,3,2025-12-31
462310,주춘섭,46.47,28.42,2,2025-12-31
270870,김도언,49.34,22.83,8,2025-12-31
144960,최대규,34.03,21.16,5,2025-12-31
085670,임우현,31.5,27.76,4,2025-12-31
064260,박성찬,11.8,11.73,1,2025-12-31
340360,테라사이언스(주),25.53,16.66,9,2025-12-31
039560,(주)다산솔루에타,27.74,26.91,1,2025-12-31
058730,한상원,34.5,23.01,6,2025-12-31
030210,이병철,24.95,24.82,8,2025-12-31
023590,(주)다우데이타,47.34,45.2,9,2025-12-31
032190,(주)이머니,63.26,31.56,5,2025-12-31
145210,(주)이브이첨단소재,18.92,18.92,0,2025-12-31
483650,반성연,21.51,18.32,7,2025-12-31
464580,정해운,34.38,30.68,2,2025-12-31
019680,㈜대교홀딩스,66.56,54.51,11,2025-12-31
006370,구정모,32.64,6.68,15,2025-12-31
008060,김영재,42.74,21.74,8,2025-12-31
353200,㈜대덕,32.76,31.46,5,2025-12-31
000490,김준식,33.39,27.53,14,2025-12-31
178600,최성근,58.3,38.8,2,2025-06-30
020400,(주)대동,52.8,52.8,0,2025-12-31
008830,①대동,58.58,44.74,7,2025-12-31
048470,임형기,38.1,20.09,3,2025-12-31
008110,강정우,60.4,28.1,3,2025-03-31
004780,박봉국,52.97,7.59,24,2025-12-31
005750,이해영,49.85,33.35,7,2025-12-31
017650,류창승,68.53,31.57,9,2025-12-31
006570,디앤디파트너스(주),72.73,38.9,4,2025-12-31
389260,서종현,71.76,39.95,3,2025-12-31
317850,이원해,43.2,28.9,1,2025-12-31
026970,구정모,71.47,39.2,5,2025-12-31
078140,박진오,50.92,22.6,8,2025-12-31
065150,(주)대산홀딩스컴퍼니,23.96,21.4,2,2025-12-31
001680,임창욱,43.72,0.16,3,2025-12-31
084690,임상민,67.3,36.71,4,2025-12-31
036480,이동규,38.6,32.02,1,2025-12-31
027830,대성홀딩스(주),51.74,48.64,1,2025-12-31
129920,최호형,45.38,16.86,3,2025-12-31
0030R0,한국투자증권(주)(주1) (GRE일반사모부동산투자신탁제11호),39.29,39.29,2,2025-05-31
020180,이재원,19.63,8.61,7,2025-03-31
003540,양홍석,15.99,9.48,15,2025-12-31
009190,㈜디와이엠파트너스,18.9,18.9,0,2025-12-31
108380,서영우,59.45,59.34,1,2025-12-31
006580,신대양제지(주),67.85,60.16,5,2025-12-31
014160,신대양제지(주),51.43,45.97,3,2025-12-31
047040,중흥토건㈜,50.75,40.6,2,2025-12-31
003090,윤재승,38.06,11.64,12,2025-12-31
069620,(주)대웅,61.34,52.29,7,2025-12-31
007680,(주)대원칸타빌,76.14,41.95,6,2025-12-31
000430,(주)현대지에프홀딩스,40.63,32.77,13,2025-12-31
048910,정 욱,36.63,23.91,4,2025-12-31
005710,허재건,62.95,16.54,23,2025-12-31
006340,갑도물산(주),30.32,21.89,4,2025-12-31
003220,백승열,37.69,11.34,11,2025-12-31
024890,강동엽,46.88,11.76,6,2025-12-31
120240,송기섭,51.37,26.9,3,2025-12-31
003310,정석원,35.83,35.83,0,2025-12-31
114920,박주봉,79.8,44.39,8,2025-12-31
078600,임중규,27.37,7.24,12,2025-12-31
008340,케이씨(주),99.75,38.66,7,2025-12-31
393970,유성준,26.4,26.32,1,2025-12-31
012800,(주)서원,38.7,37.2,2,2025-12-31
015230,박안식,45.78,2.19,6,2025-12-31
096350,김대성,15.7,6.62,6,2025-12-31
140520,문창복,63.13,32.69,12,2025-12-31
010170,티에프오인더스트리(주),18.1,8.14,3,2025-12-31
054670,이완진,40.5,26.53,7,2025-12-31
001070,설 범,31.97,26.2,8,2025-12-31
023910,이윤우,39.4,24.41,9,2025-12-31
006650,이 순 규,39.07,2.55,17,2025-12-31
001440,주식회사 호반산업,41.97,41.95,2,2025-12-31
084010,오치훈,48.58,22.98,15,2025-12-31
001790,설윤호,48.24,23.28,13,2025-12-31
001130,(주)디앤비컴퍼니,42.33,27.82,16,2025-12-31
439260,㈜케이에이치아이,47.7,46.1,15,2025-12-31
003490,한진칼,27.01,26.13,9,2025-12-31
005880,에스엠상선㈜,48.81,23.58,2,2025-12-31
003830,이호진,61.72,20.04,3,2025-12-31
069460,(주)비즈알파,10.79,2.58,1,2025-12-31
021040,주)영흥,39.85,39.85,0,2025-12-31
067080,고준진,19.81,9.17,5,2025-12-31
298540,박영준,40.3,22.52,10,2025-12-31
032860,(주)바이오스마트,53.05,28.29,1,2025-12-31
475560,백종원,73.8,59.5,2,2025-12-31
192080,김가람,44.3,41.37,6,2025-12-31
393890,W-SCOPE Corporation,35.51,34.76,1,2025-12-31
299170,박정섭,46.1,34.91,6,2025-12-31
012510,김용우,21.82,21.51,10,2025-12-31
462860,조철한,52.71,48.66,4,2025-12-31
224060,이석산업개발(주),21.17,21.17,0,2025-12-31
302920,김상윤,42.24,31.22,5,2025-12-31
043090,피엔에스 인더스트리 펀드,13.42,13.42,0,2025-12-31
403850,김민석,37.45,15.87,19,2025-12-31
213420,덕산하이메탈(주),44.15,36.67,12,2025-12-31
317330,덕산산업㈜,47.74,38.24,4,2025-12-31
077360,덕산홀딩스㈜,57.67,34.88,12,2025-12-31
004830,이봉근,18.08,13.04,3,2025-12-31
090410,김명환,33.92,23.12,7,2025-12-31
0001A0,김기철,95.31,33.35,12,2025-12-31
263600,이준용,53.61,38.54,1,2025-12-31
194480,이지훈,24.08,18.21,9,2025-12-31
373160,패스트파이브㈜,26.77,17.03,5,2025-12-31
263800,(주)오픈베이스,65.47,65.47,1,2025-12-31
199150,이영상,61.86,32.15,14,2025-12-31
017680,패션플랫폼㈜,95.56,95.56,0,2025-12-31
206560,김용화,20.88,19.24,2,2025-12-31
261200,심기봉,28.26,27.25,12,2025-12-31
145720,정성민,18.95,17.34,6,2025-12-31
484120,㈜뉴파워프라즈마,43.76,22.82,2,2025-12-31
002150,곽준상,40.75,17.1,19,2025-12-31
006620,조용준,37,28.35,7,2025-12-31
005160,장세희,50.22,26.91,9,2025-12-31
303810,동국제약(주),62.02,39.5,15,2025-12-31
460850,동국홀딩스(주),33.63,33.6,8,2025-12-31
075970,(주)동국S&C,53.27,22.4,7,2025-12-31
460860,동국홀딩스(주),33.7,33.6,9,2025-12-31
086450,동국헬스케어홀딩스(주),44.23,20.62,7,2025-12-31
001230,장세주,63.02,32.54,17,2025-12-31
100130,동국산업(주),49.99,49.99,0,2025-12-31
023450,미원홀딩스(주),53.19,42.29,6,2025-12-31
004140,김형곤,22.83,19.35,4,2025-12-31
240550,김근식,48.57,48.01,2,2025-12-31
099410,(주)일승,33.92,20,2,2025-12-31
007590,염병만,34.21,18.71,2,2025-12-31
005960,키스톤에코프라임㈜,56.22,56.22,0,2025-12-31
026960,김상헌,67.52,16.25,29,2025-12-31
002210,(주)브랜드리팩터링,11.89,11.89,0,2025-12-31
102260,(주)디에스티아이,42.77,41.56,4,2025-12-31
033500,(주)동성케미컬,38.01,38.01,0,2025-12-31
025950,김근한,68.54,36.15,5,2025-12-31
170900,강정석,27.15,0.32,21,2025-12-31
028100,도버홀딩스 유한회사,52.92,34.23,9,2025-12-31
001520,유진기업(주),30.45,23.78,5,2025-12-31
084670,최성원,47.2,13.86,5,2025-12-31
082640,"Dajia Life Insurance Co., Ltd.",75.46,0,7,2025-12-31
060380,조남욱,55.75,22.3,3,2025-12-31
079960,김재수,40.4,1.27,5,2025-12-31
228340,한림건설(주),60,40,1,2025-12-31
088910,군산도시가스(주),52.16,25.44,7,2025-12-31
094170,김동철,16.76,13,13,2025-12-31
013120,장호익,65.78,16.64,10,2025-12-31
006040,김남정,78.96,53.74,15,2025-12-31
030720,왕기철,20.11,7.01,9,2025-12-31
014820,동원산업(주),83.37,71.04,5,2025-12-31
111380,정인수,68.52,66.85,2,2025-12-31
163560,(주)DRB동일,69.78,44.13,6,2025-12-31
109860,오길봉,59.81,23.39,7,2025-12-31
032960,손 동 준,79.87,3.87,10,2025-12-31
023790,장인화,31.42,14.79,8,2025-12-31
002690,김준년,63.6,4.93,7,2025-12-31
005290,동진홀딩스주식회사,38.62,32.49,5,2025-12-31
025900,Dongwha International Co. Limited,67.49,49.06,14,2025-12-31
000020,디더블유피홀딩스(주),33.64,15.22,13,2025-12-31
000150,박정원,40.92,7.87,26,2025-12-31
011160,더제니스홀딩스,95.89,52.53,1,2025-12-31
454910,(주)두산,68.11,68.11,1,2025-12-31
241560,두산에너빌리티㈜,48.2,48.17,4,2025-12-31
034020,㈜두산,30.68,30.39,28,2025-12-31
131970,두산포트폴리오홀딩스(주),39.39,38.69,4,2025-12-31
336260,두산에너빌리티㈜,37.85,34.78,16,2025-12-31
016740,(주)IHC,47.59,35.22,3,2025-12-31
073190,정관영,43.09,35.33,6,2025-12-31
176750,(주)지오영,60.87,51.55,3,2025-12-31
030350,(주)에이치피앤케이인베스트먼트,10.99,10.99,0,2025-12-31
035430,라루미에㈜,96.59,96.59,0,2025-12-31
203650,범진규,41.17,35.44,8,2025-12-31
223250,"Hongkong Tigermed Co., Ltd",71.7,59.34,3,2025-12-31
060570,주식회사 비마이프렌즈,31.46,31.35,2,2025-12-31
362990,김기철,56.88,56.55,4,2025-12-31
192650,임창완,44.1,33.89,8,2025-12-31
016670,에스제이홀딩스 제1호투자조합,34.93,34.93,0,2025-12-31
041500,(주)비엠에스,28.61,28.37,3,2025-12-31
024090,정연택,46.39,11.19,21,2025-12-31
003160,박원호,37.33,15.01,2,2025-12-31
001530,(재)정헌재단,25.43,13,10,2025-12-31
092200,김성문,37.49,2.27,16,2025-12-31
110990,박종철,39,26.35,12,2025-12-31
214680,윤정기,6.44,6.44,1,2025-12-31
347850,이슬기,20.42,12.99,10,2025-12-31
377190,미래에셋자산운용(주),21.53,21.53,1,2025-03-31
263720,신현호,46.38,29.83,2,2025-12-31
376300,(주)에스엠엔터테인먼트,50.02,42.58,5,2025-12-31
104040,이동석,31.22,6.11,9,2025-12-31
109740,(주)시너지이노베이션,43.1,25,2,2025-12-31
031860,포퓨쳐개발 유한회사,5.55,5.53,1,2025-12-31
066900,㈜대명화학,47.9,47.6,1,2025-12-31
092070,솔브레인주식회사,30.13,30.1,1,2025-12-31
001880,DL이앤씨(주),100,100,4,2024-12-31
039840,디오홀딩스(유),25.43,23.31,3,2025-12-31
013570,조 병 호,37.36,31.8,3,2025-12-31
219550,(주)레그테크,13.8,13.8,0,2025-12-31
210540,디와이주식회사,38.47,38.44,3,2025-12-31
104460,조좌진,48.13,37.69,3,2025-12-31
113810,디에이치코리아㈜,34.92,34.92,0,2025-12-31
043360,최동호,41.08,27.2,12,2025-12-31
197140,한국렌탈(주),47.2,41.56,4,2025-12-31
068930,대성출판(주),56.66,10.85,42,2025-12-31
033130,방상훈,29.12,3.95,6,2025-12-31
105740,노은식,34.07,29.96,5,2025-12-31
263020,최민석,32.4,20.32,3,2025-12-31
290550,(주)비에이치,50.51,24.89,2,2025-12-31
066670,박윤민,34.84,25.94,1,2025-12-31
383930,㈜디티앤씨,30.74,30.74,1,2025-12-31
163430,(주)디피코홀딩스,19.69,18.08,5,2023-12-31
131180,최동희,36.68,15,8,2025-12-31
315640,최우식,24.3,13.63,1,2025-12-31
900110,정소영,13.45,13.4,1,2025-12-31
317120,최승욱,18.77,17.57,5,2025-12-31
462510,최종석,29.51,24.82,4,2025-12-31
232680,김원경,37.28,20.49,8,2025-12-31
042510,이순형,39.01,17.26,8,2025-12-31
418420,김보은,31.67,19.82,10,2025-12-31
300120,이석중,44.71,39.96,3,2025-12-31
171120,(주)태경비케이,55.58,34.26,1,2025-12-31
388790,김성준,38.57,32.31,8,2025-12-31
065160,(주)톱텍,33.94,30.37,1,2024-12-31
214260,정도현,19.88,18.58,11,2025-12-31
403360,김재중,62.01,36.59,7,2025-12-31
171010,길준잉,32.83,28.36,9,2025-12-31
084650,루하갈락티코스 유한회사,16.69,16.16,10,2025-12-31
217500,권순욱,37.54,37.53,2,2025-12-31
092590,성석종,48.6,48.6,0,2025-12-31
266170,이재원,34.25,34.04,1,2025-12-31
038390,KOO BENNETT(구본호),76.49,39.44,7,2025-12-31
294140,(주)톱텍,52.29,48.38,6,2025-12-31
443250,글로벌커넥트플랫폼 사모투자 합자회사,56.93,56.79,2,2025-12-31
228670,이상철,16.61,8.64,11,2025-12-31
228850,(주)바텍이우홀딩스,65.07,31.62,9,2025-12-31
412350,안건준,15.38,15.23,2,2025-12-31
281740,김진동,43.76,27.92,17,2025-12-31
277810,삼성전자주식회사,41.63,35,3,2025-12-31
090360,LG전자(주),33.4,33.4,1,2025-12-31
108490,김병수,24.2,24.1,1,2025-12-31
900260,저우샹동,25.82,18.7,1,2025-12-31
204630,(주)로아앤코,26.85,26.85,0,2025-12-31
033290,(주)대명화학,68.61,48.78,3,2025-12-31
223220,(주)웰리브,49.18,28.03,2,2025-12-31
067730,한국지주(주),55.01,55.01,0,2025-12-31
376900,유석환,24.85,24.18,7,2025-12-31
214610,제이비에셋매니지먼트 주식회사,38.56,38.56,0,2025-12-31
032350,김기병,39.49,22.72,4,2025-12-31
089860,㈜호텔롯데,61.21,38.14,10,2025-12-31
330590,롯데쇼핑㈜,48.4,42.04,4,2025-06-30
000400,빅튜라(유),77.04,77.04,0,2025-12-31
023530,롯데지주㈜,60.13,40,36,2025-12-31
020150,롯데케미칼(주),46.97,46.94,24,2025-12-31
280360,롯데지주(주),68.57,48.13,17,2025-12-31
286940,롯데지주㈜,66.2,66.1,9,2025-12-31
004000,롯데케미칼(주),43.52,43.5,7,2025-12-31
004990,신동빈,43.5,13,63,2025-12-31
005300,롯데지주(주),59.73,45,29,2025-12-31
011170,롯데지주(주),54.58,25.31,58,2025-12-31
071840,롯데쇼핑㈜,65.26,65.25,8,2025-12-31
328130,백승욱,17.56,6.76,8,2025-12-31
038060,(주)디티씨,22.3,21.97,1,2025-12-31
474170,남명용,49.5,46.4,1,2025-12-31
162120,안윤태,45.4,39.15,11,2025-12-31
253610,㈜엘엔케이 바이오메드,42.74,36.26,5,2025-12-31
141080,PAN ORION Corp. Limited,29.6,25.58,9,2025-12-31
058470,이채윤,34.66,34.66,1,2025-12-31
012700,(주)엠투엔,40.53,16.32,5,2025-12-31
302550,이근용,34.9,25.7,3,2025-12-31
491000,이정주,39.41,39.33,1,2025-12-31
394420,김건호,23.12,23.07,1,2025-12-31
073570,변희조,55.53,19.67,5,2025-12-31
377450,리얼티파인 주식회사,47.96,47.96,0,2025-12-31
042500,이주석,29.58,5.72,38,2025-12-31
003050,Nexans Participations,99.53,0,2,2025-12-31
474650,최근식,27.19,25.08,2,2025-12-31
219420,아이디스파워텔(주),29.53,24.07,2,2025-12-31
439090,엘앤피코스메틱(주),51.88,0,3,2025-12-31
027740,(주)이지홀딩스,30,30,0,2025-12-31
195500,(주)팜스토리,29.76,29.45,1,2025-12-31
357430,(주)성담,6.56,6.56,1,2025-03-31
377480,유태준,16.36,13.51,7,2025-12-31
305090,김경남,25.79,19.68,5,2025-12-31
098120,양승은,20.88,18.34,7,2025-12-31
424980,황규호,31.3,27.08,4,2025-12-31
038290,서정선,20.13,17.49,7,2025-12-31
001080,김상환,23.63,8.93,9,2025-06-30
267980,매일홀딩스 (주),57.53,31.79,16,2025-12-31
005990,김정완,68.4,39.54,13,2025-12-31
093520,신동철,12.55,6.56,4,2025-12-31
179720,이상규,33.7,27.6,11,2025-12-31
100590,(주)아이즈비전,53.63,53.63,0,2025-12-31
067280,삼성에스디에스(주),62.47,62.4,5,2025-12-31
072870,손주은,38.94,32.08,9,2025-12-31
215200,손주은,33.72,15.49,14,2025-12-31
133750,메가스터디(주),43.53,43.15,3,2025-12-31
446540,(주)티에스이,57.14,56.95,3,2025-12-31
235980,(주)테라젠이텍스,19.61,14.39,8,2025-12-31
200580,동화약품(주),64.35,62.07,3,2025-12-31
041920,(주)셀바스에이아이,37.77,31.69,2,2025-12-31
233250,(주)나노헬릭스,85.17,83.99,1,2025-12-31
014100,김은정,35.11,29.83,2,2025-12-31
086900,정현호,17.45,17.19,8,2025-12-31
078160,스카이메디 유한회사,47.21,22.28,4,2025-12-31
0088D0,유한회사 그린노아,3.45,3.45,0,2025-12-31
008560,(주)메리츠금융지주,100,100,0,2025-12-31
021880,캑터스바이아웃제6호사모투자합자회사,47.38,47.31,1,2025-03-31
140410,박동현,27.29,6.09,9,2025-12-31
241770,이재정,50.95,27.8,24,2025-12-31
059210,오석송,20.78,19.95,2,2025-12-31
065560,주식회사 대평바이오사이언스,34.24,34.24,0,2025-12-31
058110,김종철,28.18,20.93,15,2025-12-31
072770,어게인파트너스,7.56,7.56,0,2025-12-31
017180,우석민,21.56,19.06,3,2025-12-31
009900,(주)엠에스오토텍,45.44,45.44,1,2025-12-31
317450,이행명,73.8,50.88,6,2025-12-31
012690,엠에스에스홀딩스(주),50.99,50.99,0,2025-12-31
070960,(재)세계평화통일가정연합유지재단,45.84,35.99,8,2025-12-31
434480,이광후,31.64,30.42,2,2025-12-31
080420,(주)대명화학,75.7,75.3,1,2025-12-31
417970,한국타이어앤테크놀로지㈜,62.92,62.92,0,2025-12-31
080160,우종웅,16.38,10.92,8,2025-12-31
087260,이재신,17.84,17.84,0,2025-12-31
012860,㈜모베이스,46.45,46.45,0,2025-12-31
363260,유범령,49.51,49.51,1,2025-12-31
348030,임중수,47.4,46.52,3,2025-12-31
288980,한상진,34.97,23.31,5,2025-12-31
142760,(주)모아데이타,18.91,18.16,1,2025-12-31
009680,김희진,45.68,17.68,7,2025-12-31
118990,이형환,38.54,28.56,1,2025-12-31
463480,에스디와이㈜,66.63,23.17,4,2025-12-31
006920,김기수,32.2,32.01,2,2025-12-31
038340,나반홀딩스 유한회사,61.5,37.01,3,2025-12-31
009200,무림SP,51.86,19.65,4,2025-12-31
009580,무림페이퍼(주),66.97,66.97,0,2025-12-31
001810,이 도 균,61.41,21.37,2,2025-12-31
135160,스마일게이트인베스트먼트㈜,15.38,15.38,0,2025-12-31
322970,윤태종,24.19,22.44,6,2025-12-31
033920,최재호,61.44,34.78,9,2025-12-31
279600,키맥스 주식회사,27.19,19.74,2,2025-12-31
095500,김철영,22.5,19.73,2,2025-12-31
254490,이정,73.55,68.12,4,2025-12-31
025560,(주)넥스턴앤롤코리아,32.31,32.31,0,2025-12-31
218150,김성진,50.69,48.69,5,2025-12-31
007120,(주)엑스,22.28,11.81,1,2025-12-31
357250,주식회사 국민은행(미래에셋자산운용),12.02,12.02,1,2025-05-31
085620,미래에셋증권,60.28,22.01,24,2025-12-31
006800,미래에셋캐피탈㈜,33.22,33.13,23,2025-12-31
208890,(주)미래엔,88.44,45.32,1,2025-12-31
049950,김준구,26.77,21.93,4,2025-12-31
207760,조승진,53.42,49.57,2,2025-12-31
081660,(주)피에몬테,35.94,35.81,4,2025-12-31
002840,김정돈,61.2,18.33,47,2025-12-31
268280,미원홀딩스주식회사,73.49,33.94,36,2025-12-31
134380,김정돈,55.24,3.18,38,2025-12-31
351020,황승주,83.82,50.99,2,2025-12-31
003650,유재순,40.24,14.35,3,2025-12-31
059090,전선규,20.42,15.09,6,2025-12-31
201490,손창욱,20.53,19.75,4,2025-12-31
475460,김기봉,21.18,20.61,5,2025-12-31
452200,홍영진,33.21,11.89,9,2025-12-31
206640,최의열,25.44,21.31,12,2025-12-31
035620,문양권,27.77,25.53,5,2025-12-31
354390,(주)리가켐바이오사이언스,30.21,30.21,0,2025-12-31
053030,(주)더에이블,10.76,9.18,2,2025-12-31
301300,김경서,27.41,24.36,7,2025-12-31
377740,조영식,73.21,34.99,15,2025-12-31
064550,박한오,18.06,13.71,11,2025-12-31
314930,임욱빈,41.85,40.39,4,2025-12-31
489460,(주)청담글로벌,52.84,50.85,1,2025-12-31
086820,장송선,19.3,17.6,3,2025-12-31
038460,박혜린,24.72,19.91,3,2025-12-31
251120,모상현,31.22,14.3,10,2025-12-31
199730,이상득,42.45,42.45,0,2025-12-31
266470,이정호,21.43,21.39,1,2025-12-31
289170,김영철,21.95,21.95,0,2025-12-31
086040,강종구,23.11,12.76,9,2025-12-31
188040,김성구,41.09,32.54,4,2025-12-31
199290,박상일,28.03,0.09,6,2025-12-31
099430,정현규,29.02,21.54,4,2025-12-31
032980,(주)다컴시스템,26.33,26.33,0,2025-12-31
308080,가은글로벌(주),21.51,10.68,2,2025-12-31
043150,(주)바텍이우홀딩스,53.49,46.37,6,2025-12-31
323990,이제중,12.48,9.22,28,2025-12-31
003610,서재희,41.15,38.99,9,2025-09-30
267790,㈜더네이쳐홀딩스,41.67,41.67,0,2025-12-31
046310,임학규,25.57,24.73,5,2025-12-31
035150,김한준,59.53,34.84,8,2025-12-31
331520,신재명,28.89,23.36,5,2025-12-31
199480,이경조,32.28,18.57,8,2025-12-31
066410,이니셜1호투자조합,37,32.75,2,2025-12-31
002410,플라스코앤비(주),22.67,12.55,2,2025-12-31
382900,범한산업㈜,51.6,51.36,5,2025-12-31
206400,(주)라미쿠스,13.27,12.14,4,2025-12-31
019010,김만진,51.49,7.66,7,2025-12-31
177350,㈜에이지엘컴퍼니,28.45,18.21,2,2025-12-31
457600,유창수,64.01,61.39,4,2025-12-31
424760,이정현,50.78,49.64,3,2025-12-31
007210,벽산엘티씨 엔터프라이즈(주),28.25,13.5,17,2025-12-31
250000,김대영,69.6,43.37,2,2025-12-31
002760,정기련,33.49,26.16,4,2025-12-31
003850,㈜보령홀딩스,64.78,29.71,9,2025-12-31
310210,김현태,40.2,36.06,6,2025-12-31
006910,임재황,14.56,12.15,3,2025-12-31
000890,(주)창해에탄올,24.78,21.64,10,2025-12-31
226340,임성기,32.84,21.34,3,2025-12-31
496320,김창현,64.9,50.5,1,2025-12-31
003000,OCI홀딩스 주식회사,17.11,17.11,0,2025-12-31
001270,김중건,30.93,12.22,7,2025-12-31
026940,남상규,47.74,24.26,9,2025-12-31
014470,(주)테크로스홀딩스,47.37,35.52,7,2025-12-31
011390,김영일,51.75,51.75,0,2025-12-31
005280,(주)BNK금융지주,100,100,0,2025-12-31
008470,유승협,37.42,17.75,8,2025-12-31
100120,김후식,30.43,15.56,7,2025-12-31
406820,김종수,43.25,43.25,1,2025-12-31
099390,강선근,38.67,35.37,3,2025-12-31
064480,이상호,35.9,34.2,8,2025-12-31
089970,최우형,9.72,9.14,2,2025-12-31
251630,김선중,47.14,24.18,5,2025-12-31
018290,정철,39.27,16.96,4,2025-12-31
478560,강준석,76.2,53.22,1,2025-12-31
006740,비니 1호 투자조합,30.22,16.54,2,2025-12-31
439580,연제량,22.55,10.42,6,2025-12-31
191600,김상봉,92,92,0,2025-12-31
369370,배성웅,47.8,14.63,6,2025-12-31
126340,성도경,28.8,26.23,9,2025-12-31
082800,㈜비보존홀딩스,35.16,24.87,3,2025-12-31
318410,네오크레마,40.07,30.88,6,2025-12-31
100220,양태회,54.11,42.81,13,2025-12-31
419540,이후정,38.61,19.68,9,2025-12-31
146320,김돈한,52.18,50.53,1,2025-12-31
200780,홍성한,38.92,20.16,5,2025-12-31
413640,배영근,57.15,46.48,6,2025-12-31
141000,김형준,20.2,15.16,4,2025-12-31
090460,이경환,21.75,21.61,6,2025-12-31
083650,박은미,40.07,16.8,6,2025-12-31
065170,박영철,27.52,25.3,4,2025-12-31
086670,윤종찬,55.56,36.52,5,2025-12-31
335890,(주)비엔나투자목적회사,98.19,98.19,0,2025-12-31
488900,비츠로테크,69.55,69.02,1,2025-12-31
082920,비츠로테크,38.35,34.53,6,2025-12-31
054220,(주)브이에이치1,24.3,15.7,1,2025-12-31
042370,장순상,59.95,41.4,4,2025-12-31
050090,(주)한국문화진흥,33.74,25.13,5,2025-12-31
148780,임경환,34.03,32.19,7,2025-12-31
307870,엑스트윈스1호 조합,35.27,16.3,5,2025-12-31
377030,메타플랫폼투자조합,27.35,16.13,1,2025-12-31
032850,조현정,26.63,24.67,5,2025-12-31
049470,ASIA STRATEGY PARTNERS LLC,57.5,49.03,11,2025-12-31
238200,환인제약(주),31.1,30,1,2025-12-31
093190,(주)아이디스홀딩스,47.6,42.66,3,2025-12-31
065450,박승운,26.35,26.35,0,2025-12-31
005180,김호연,42.16,37.89,3,2025-12-31
069540,케이헤드조합,19.62,19.62,0,2025-12-31
072950,강만준,37.47,20.88,12,2025-12-31
451250,나우M&A투자펀드1호,59.78,59.78,0,2025-12-31
143240,(주)다우기술,47.64,32.59,8,2025-12-31
466410,전경헌,100,39.36,2,2025-12-31
003960,사조씨푸드,72.63,17.12,10,2025-12-31
008040,사조씨푸드㈜,63.8,26.03,4,2025-12-31
007160,(주)사조시스템즈,67.59,29.94,9,2025-12-31
014710,사조산업(주),81.68,61.56,7,2025-12-31
006090,(주)사조대림,80.34,60.84,6,2025-12-31
223310,(주)메타플렉스,36.53,27.32,4,2025-12-31
452430,이명희,32.17,30.84,1,2025-12-31
419120,㈜산돌커뮤니케이션,48.28,19.72,6,2025-12-31
008270,한국산업은행,99.92,99.92,0,2025-12-31
062040,박동석,55.35,36.02,3,2025-12-31
122350,김치환,32.32,31.05,2,2025-12-31
419050,(주)삼기,51.34,51.34,0,2025-12-31
014970,조홍로,79.94,64.85,4,2025-12-31
005610,㈜파리크라상,73.57,40.66,5,2025-12-31
018310,에스폼(주),69.47,38.8,16,2025-12-31
012210,금강공업(주),73.45,73.45,0,2025-12-31
053700,이재하,38.72,9.61,12,2025-12-31
009620,이태용,100,23.12,4,2025-12-31
023600,류진호,68.04,33.41,8,2025-12-31
001470,(주)디와이디,3.39,3.39,0,2025-12-31
006660,고 호 곤,51.86,34.73,8,2025-12-31
028260,이 재 용,36.02,19.76,13,2025-12-31
207940,삼성물산,74.32,43.06,5,2025-12-31
032830,삼성물산(주),43.56,19.34,9,2025-12-31
018260,삼성전자,48.93,22.58,13,2025-12-31
0126Z0,삼성물산,74.3,43.06,3,2025-12-31
009150,삼성전자(주),23.8,23.69,5,2025-12-31
005930,삼성생명보험㈜,19.84,8.51,18,2025-12-31
001360,(주)젬백스앤카엘,10.47,10.46,2,2025-12-31
010140,삼성전자,20.86,15.23,8,2025-12-31
016360,삼성생명보험,29.62,29.39,4,2025-12-31
068290,김진용,61.76,42.44,5,2025-12-31
029780,삼성생명보험㈜,71.87,71.86,3,2025-12-31
000810,삼성생명,19.05,15.43,7,2025-12-31
028050,삼성SDI,20.63,11.69,7,2025-12-31
448730,삼성생명보험㈜,39.34,19.51,15,2025-01-31
006400,삼성전자(주),20.21,19.44,7,2025-12-31
006110,日本동양알미늄(주),33.8,24.97,10,2025-12-31
009300,허 준,65.58,47.65,2,2025-12-31
0120G0,김 원,46.39,5.8,28,2025-12-31
145990,삼양홀딩스,64.14,61.83,9,2025-12-31
003230,삼양라운드스퀘어(주),44.98,35.48,6,2025-12-31
482630,(주)삼양홀딩스,68.72,59.97,11,2025-12-31
484590,㈜제오홀딩스,44.69,24.1,4,2025-12-31
036670,(주)삼양사,50.02,50.02,0,2025-12-31
272550,(주)삼양사,72.72,72.72,0,2025-12-31
000070,김 원,41.8,6.59,31,2025-12-31
003720,이석준,25.47,23.11,6,2025-12-31
002810,이승용,45.67,21.04,9,2025-12-31
054540,전창옥,12.18,10,5,2025-12-31
005680,일본케미콘(주),33.4,33.4,0,2025-12-31
023000,대원강업(주),54.99,54.64,2,2025-12-31
014950,이충환,63.49,21.75,15,2025-12-31
032280,(주)티디,35.37,9.84,11,2025-12-31
002290,박종웅,40.99,40.99,0,2025-12-31
004440,(주)삼일홀딩스,59.22,55.44,2,2025-12-31
000520,허승범,25.92,8.2,10,2025-12-31
009770,전성오,73.93,24.52,12,2025-12-31
037460,이기남,46.11,22.11,10,2025-12-31
0013V0,박용준,52.43,41.94,1,2025-12-31
005500,조의환,13.41,6.3,3,2025-12-31
000250,(주)소화,37.6,30.7,3,2025-12-31
024950,지엘앤코㈜,38.72,31.64,1,2025-12-31
038500,(주)삼표산업,68.32,54.68,6,2025-12-31
437730,황희종,68.52,23.38,18,2025-12-31
017480,조수익,60.18,16.87,12,2025-12-31
010960,이종호,33.92,18.68,10,2025-12-31
046390,신상윤,38.57,17.91,4,2025-12-31
004450,(주)금비,53.43,53.43,0,2025-12-31
009470,오영주,25.53,20.51,2,2025-12-31
011230,오영주,48.4,9.31,8,2025-12-31
001820,오영주,28.15,16.16,3,2025-12-31
027580,김상근,16.42,14.81,3,2025-12-31
038540,유준원,33.32,23.65,8,2025-12-31
001290,(주)상상인,64.81,55.85,5,2025-12-31
041650,정성한,45.26,13.63,18,2025-12-31
091580,김민철,28.69,11.42,5,2025-12-31
042940,㈜중앙첨단소재,21.22,12.58,2,2025-12-31
042600,허제홍,63.75,21.04,16,2025-12-31
107600,에스케이아이엘에코시너지밸류업1호(유),57.38,22.59,3,2025-12-31
411080,㈜케이사인,59.65,42.01,3,2025-12-31
252990,㈜와이씨,59.25,38.16,7,2025-12-31
007540,박진선,48.44,34.05,8,2025-12-31
248170,샘표 주식회사,59.69,49.38,10,2025-12-31
378800,성승용,11.14,11.01,2,2025-12-31
294630,문승현,8.43,3.75,3,2025-12-31
038070,황을문,28.76,27.36,4,2025-12-31
006730,(주)엠와이에이치,51.38,18.34,15,2025-12-31
079650,염종학,67.88,61,3,2025-12-31
100660,화천기공 (주),59.32,32.22,6,2025-12-31
007860,유양석,46.62,44.44,5,2025-12-31
200880,㈜서연,57.06,48.7,5,2025-12-31
019770,(주)서연,52.82,37.5,3,2025-12-31
092190,서울반도체(주),66.69,51.84,1,2025-12-31
046890,이정훈,28.53,13.59,2,2025-12-31
031210,예금보험공사,83.85,83.85,2,2025-12-31
004410,서성훈,19.29,12.09,8,2025-12-31
027040,김원우,41.9,30.4,2,2025-12-31
018680,2018큐씨피13호 사모투자합자회사,59.41,59.41,0,2025-12-31
021050,조시영,37.59,23.86,2,2025-12-31
093920,김재윤,52.33,30.9,7,2025-12-31
178320,전동규,26.37,25.87,11,2025-12-31
140070,김정웅,56.7,34.4,9,2025-12-31
011370,(주)대왕레미콘,11.26,2.15,7,2025-12-31
065710,이상호,70.29,54.32,5,2025-12-31
008490,양주환,52.83,25.01,6,2025-12-31
035890,이봉관,59.83,4.14,10,2025-12-31
003100,심충식,57.61,9.41,19,2025-12-31
007610,전동준,25.48,18.07,2,2025-12-31
067370,노광,31.96,26.07,37,2025-12-31
171090,(주)동아엘텍,47.13,47.13,0,2025-12-31
136490,(주)하림지주,50.08,50,5,2025-12-31
086710,이성호,54.64,42.36,11,2025-12-31
014620,안 재 일,36.25,17.31,4,2025-12-31
014910,신준섭,23.9,14.19,4,2025-12-31
004980,김태현,35.7,13.75,10,2025-12-31
458650,박채원,74.48,26.79,10,2025-12-31
081580,조성면,41.09,31.81,3,2025-12-31
015750,(주)성우홀딩스(주1),44.87,32.74,5,2025-12-31
340930,정연길,32.7,27.73,3,2025-12-31
365340,이강명,32.25,19.04,7,2025-12-31
080470,고우종,52.38,31.56,4,2025-12-31
043260,서룡전자㈜,55.12,38.35,12,2025-12-31
148150,에스지에이치홀딩스 유한회사,14.82,14.78,5,2025-12-31
002420,우양산업개발(주),53.61,47.65,4,2025-12-31
061090,케이오일호투자(유),44.3,33.6,2,2025-12-31
188260,박정웅,32.18,29.16,8,2025-12-31
053060,윤 정 상,28.32,18.39,2,2025-12-31
340440,나상수,62.39,34.42,4,2025-12-31
017510,권철현,38.8,16.7,4,2025-12-31
490470,"SiFive, Inc.",20.09,14.77,27,2025-12-31
004360,이상웅,45.14,18.17,13,2025-12-31
004490,세방(주),39.79,37.95,9,2025-12-31
011560,김우영,47.47,34.62,2,2025-12-31
396300,주식회사 에이치티아이엔티,44.93,44.93,0,2025-12-31
306200,(주)세아제강지주,63.59,50.11,8,2025-12-31
003030,이순형,64.62,12.56,9,2025-12-31
052190,신재흠,42.82,42.82,0,2025-12-31
013000,안백순,37.54,31.74,3,2025-12-31
024830,(주)에스엠티,78.43,37.32,7,2025-12-31
091090,범한산업(주),18.22,18.22,0,2025-12-31
021820,(주)에스엔아이,47.56,21.01,8,2025-06-30
067830,(주)세이브존,52.72,49.06,3,2025-12-31
258830,(주)비에스제이홀딩스,21.01,21.01,0,2025-12-31
036630,(주)세종,65,65,0,2025-12-31
075580,윤지원,59.42,44.1,4,2025-12-31
067770,김인식,47.56,46.71,2,2025-12-31
053450,박은경,19.38,14.52,1,2025-12-31
252500,이훈구,31.52,24.69,10,2025-12-31
321370,김병남,13.49,8.65,8,2025-12-31
331920,김효기,9.77,6.68,2,2025-12-31
471820,서정민,69.5,35.49,6,2025-12-31
299660,강창율,11.46,8.23,21,2025-12-31
268600,조대웅,13.88,13.32,3,2023-12-31
108860,곽민철,11.57,10.06,1,2025-12-31
318160,이권선,35.63,34.33,8,2025-12-31
308430,김권,36.41,30.23,5,2025-12-31
258250,김회율,25.11,24.66,3,2023-12-31
068270,(주)셀트리온홀딩스,31.21,24.44,96,2025-12-31
068760,(주)셀트리온,54.95,54.8,12,2025-12-31
068940,셀피글로벌주주 1호조합,21.8,12.4,5,2025-12-31
007720,(주)소노인터내셔널,47.41,34.3,22,2025-12-31
053110,㈜소리바다인터내셔널,45.79,44.74,1,2023-12-31
950200,(주)마크로젠,56.28,54.08,8,2025-12-31
258790,배환국,25.22,20.57,9,2025-12-31
066910,에이치케이모빌리티컴퍼니(주),17.35,17.35,0,2025-12-31
215090,(주)큰솔,31.02,29.3,4,2025-12-31
238500,베리타스투자조합,16.91,16.91,0,2025-12-31
336370,스카이레이크 롱텀스트래티직 인베스트먼트 주식회사,41.18,41.06,2,2025-12-31
248070,전성호,14.22,13.05,21,2025-12-31
035610,홍기태,60.76,19.48,5,2025-12-31
357780,솔브레인홀딩스㈜,44.93,31,9,2025-12-31
036830,정지완,75.57,55.89,11,2025-12-31
304100,이경일,12.09,10.45,6,2025-12-31
328380,이정근,59.59,32.88,4,2025-12-31
0203K0,서영진,100,69.21,3,2025-12-31
004430,송원물산㈜,35.64,23.88,8,2025-12-31
086980,(주)오리온홀딩스,57.47,57.47,1,2025-12-31
017550,㈜수산인더스트리,52.85,33.19,6,2025-12-31
050960,정보윤,63.06,9.38,7,2025-12-31
126720,정석현,69.67,54.5,6,2025-12-31
084180,투믹스홀딩스,51,51,0,2025-12-31
253840,손미진,14.48,10.23,7,2025-12-31
185190,채 일,56.13,40.17,9,2025-03-31
298830,배현섭,41.14,33.01,16,2025-12-31
236200,(주)슈프리마에이치큐,32.6,28.08,7,2025-12-31
094840,이재원,47.95,31.58,4,2025-12-31
192440,김대영,40.98,40,3,2025-12-31
099440,(주)SNT홀딩스,21.19,13.65,1,2025-12-31
066590,주식회사 퓨트로닉,28.91,28.91,0,2025-12-31
276040,주식회사 글로메타,11.79,11.47,2,2025-12-31
060240,위더스㈜,44.49,44.49,0,2025-12-31
330730,스톤브릿지홀딩스,64.6,63.71,5,2025-12-31
352090,강기환,70.97,35.84,5,2025-12-31
253450,(주)씨제이이엔엠,54.57,54.38,3,2025-12-31
408900,유재명,65.46,62.65,8,2025-12-31
415380,최정석,27.29,26.81,2,2025-12-31
046140,(주)에스비에스,100,100,0,2023-12-31
475040,Aptiv Technologies AG,53.2,41.55,2,2025-12-31
026890,도용환,19.08,13.46,22,2025-12-31
013810,김종섭,33.55,33.55,0,2025-12-31
039670,서울에스티비홀딩스(주),76.37,70.29,2,2025-03-31
347700,최광수,39.88,29.98,2,2025-12-31
020710,박기석,43.13,22.04,2,2025-12-31
033170,(주)테라닉스,38.66,35.3,5,2025-12-31
048870,에스이노베이션 신기술조합,38.27,35.85,1,2025-12-31
025320,(주)시노다이나믹스 (구.(주)시노텍스),11.61,9.9,21,2025-12-31
134790,(주)일룸,40.6,40.6,1,2025-12-31
340810,남운성,20.02,19.13,3,2025-12-31
226440,도미누스이노펀드제3호,25.49,25.49,0,2025-12-31
000480,이인옥,71.34,23.95,29,2025-12-31
056090,㈜시지바이오,40.41,40.41,0,2025-12-31
429270,심규환,25.86,18.69,4,2025-12-31
418250,임차성,29.58,29.16,1,2025-12-31
131090,홍기융,31.03,25.64,3,2025-12-31
462870,김형태,42.18,38.43,8,2025-12-31
016590,신대한판지(주),59.78,18.91,6,2025-12-31
290520,박웅기,57.52,42.32,4,2025-12-31
004970,(주)신라홀딩스,64.95,40.18,12,2025-12-31
001000,신라교역(주),61.59,20.6,8,2025-12-31
025870,(주)신라홀딩스,57.4,49,1,2025-12-31
215600,(주)엠투엔,15.95,13.65,2,2025-12-31
070480,정유돈 및 특수관계자,42.49,42.49,0,2025-12-31
416180,신성델타테크(주),44.2,25.47,8,2025-12-31
011930,이지선,21.87,8.11,5,2025-12-31
004170,정유경,29.17,29.15,3,2025-12-31
034300,이마트,100,100,0,2025-12-31
031430,(주)신세계,54.6,39.31,1,2025-12-31
012580,(주)신세계인터내셔날,95.44,95.44,0,2025-12-31
031440,(주)이마트,55.48,55.47,4,2025-12-31
035510,(주)이마트,43.86,43.86,0,2025-12-31
006880,㈜신송지티아이,58.19,44.86,7,2025-12-31
162300,신승곤,71.27,46.87,6,2025-12-31
002800,이병기,51.5,26.36,9,2025-12-31
005800,이성원,53.06,14.93,6,2025-12-31
001720,원국희,20.58,10.42,14,2025-03-31
009270,티앤엠커뮤니케이션즈,26.73,25.38,3,2025-12-31
012790,홍재현,32.58,20.08,22,2025-12-31
138070,김은식,49.31,22.18,3,2025-12-31
226330,정종선,15.1,13.76,6,2025-12-31
002870,정학헌,34.1,21.9,4,2025-12-31
019170,(주)송암사,24.43,24.2,2,2025-12-31
005450,(주)에스엔드케이월드코리아,53.85,53.85,0,2025-12-31
481850,농협은행(주),16.6,16.6,1,2025-02-28
293940,한화손해보험(주),6.74,6.74,1,2025-03-31
000010,신한금융지주회사,100,100,0,2025-12-31
055550,국민연금공단,9.03,9.03,0,2025-12-31
032710,신한금융지주회사,100,100,0,2025-12-31
008670,(주)신한금융지주회사,100,100,0,2025-12-31
056700,효성화학㈜,20.23,20,4,2025-12-31
187270,이정진,35.87,22.08,7,2025-12-31
095190,(주)신화정공,45.47,23.29,2,2025-12-31
004080,이용익,75.57,19.06,24,2025-12-31
257720,김진수,43.75,0.05,17,2025-12-31
222800,심텍홀딩스,33.28,33.19,5,2025-12-31
036710,전세호,51.39,36.81,6,2025-12-31
444530,임대근,35.59,31.69,2,2025-12-31
234030,이현,43.09,21.55,2,2025-12-31
160980,인지컨트롤스(주),47.39,21.71,6,2025-12-31
356890,김용옥,56,39,7,2025-12-31
217330,캔디엑스홀딩스 유한회사,31.96,31.96,0,2025-12-31
102280,주식회사 광림,17.73,17.73,0,2025-12-31
003410,한앤코시멘트홀딩스(유),100,100,0,2025-12-31
004770,차상권,8.52,5.23,4,2025-12-31
217320,이선휴,53.41,41.54,4,2025-12-31
208640,(주)네시삼십삼분,34.16,34.16,0,2025-12-31
222420,이앤에프마블홀딩스 주식회사,42.02,42.02,0,2025-12-31
037760,최재관,54.68,36.44,9,2025-12-31
099320,한화에어로스페이스(주),37.52,33.63,5,2025-12-31
049960,정명준,25.71,18.49,6,2025-12-31
088280,"TAI-SAW TECHNOLOGY CO., LTD",23.44,18.52,5,2025-12-31
403550,유한책임회사 에스오큐알아이,45.91,19.73,22,2025-12-31
050890,정준,10.52,8.37,2,2025-12-31
394800,금창원,24.34,17,8,2025-12-31
177900,박광범,29.18,14.19,6,2025-12-31
475400,이성호,37.43,26.83,2,2025-12-31
066790,주)그린비티에스,14.01,7.05,1,2025-12-31
004920,(주)씨엔씨기술,26.47,22.2,8,2025-12-31
236030,이상범,39.74,35.65,2,2025-12-31
103660,김환기,22.85,14.58,6,2025-12-31
352480,뷰티시너지 주식회사,75.04,41.22,3,2025-12-31
245450,안상태,65.7,33.12,8,2025-12-31
032040,케이브이삼호투자(유),85.8,85.77,4,2025-12-31
264660,홍사문,36.61,15.31,5,2025-12-31
352700,하춘욱,45.13,41.67,8,2025-12-31
297090,씨에스윈드(주),53.69,53.56,2,2025-12-31
112610,김성권,39.8,24.19,15,2025-12-31
900120,CHEN AI ZHU,7.03,7.03,0,2025-06-30
359090,윤문태,63.27,25.56,3,2025-12-31
286000,정창원,44.88,0,3,2023-12-31
115530,인스앤코(주),28.5,25.62,1,2025-12-31
388210,박성훈,30.57,30.57,0,2025-12-31
376290,Restar Corporation,69.4,69.4,0,2025-12-31
189330,이우영,31.53,29.9,9,2025-12-31
096530,천종윤,28.75,18.21,32,2025-12-31
480370,김유곤,51.35,23.13,6,2025-12-31
101240,스타치얼코퍼레이션 (STAR CHEERCORPORATION LIMITED),50.87,39.71,2,2025-12-31
308170,강상우,48.63,25.81,6,2025-12-31
013990,랑시코리아(주),26.5,26.5,0,2025-12-31
175140,휴먼테크조합,24.72,20.56,1,2025-12-31
123860,이경호,15.16,13.77,3,2025-12-31
025980,중앙디앤엘(유),28.81,11.03,4,2025-12-31
008700,(유)아남,33.44,20.23,6,2025-12-31
0015N0,김영균,48.42,36.82,5,2025-12-31
290690,정재준,9.4,9.4,0,2025-12-31
125210,김병규,46,40.32,9,2025-12-31
090430,(주)아모레퍼시픽홀딩스,50.15,38.04,20,2025-12-31
002790,서경배,64.08,54.97,27,2025-12-31
052710,김병규,27.42,18.19,3,2025-12-31
074430,(주)삼오제약,31.81,30.5,3,2025-12-31
083930,위재곤,30.15,18.78,7,2025-12-31
149950,위재곤,38.64,18.22,7,2025-12-31
036010,행진개발㈜,39.57,24.7,4,2025-12-31
002030,이훈범,45.41,14.53,9,2025-12-31
183190,아세아㈜,64.58,56.91,10,2025-12-31
002310,아세아(주),55.04,52.19,5,2025-12-31
050860,김신길,35.1,25.53,5,2025-06-30
012170,티디엠투자조합2호,10.89,10.89,0,2025-12-31
136410,장지상,48.44,39.98,9,2025-12-31
246720,조응준,35.11,20.34,5,2025-12-31
450950,서은택,46.97,34.53,8,2025-12-31
067390,알파에어로 유한회사,55,55,0,2025-12-31
159010,강두홍,55,54.54,3,2025-12-31
127710,키스톤앤젤스제2호 사모투자합자회사,47.52,0,8,2025-12-31
020560,㈜대한항공,63.88,63.88,2,2025-12-31
267850,아시아나항공(주),76.23,76.22,1,2025-12-31
154030,류경오,28.54,19.3,9,2025-09-30
227610,나종국,27.53,15.7,1,2025-12-31
331740,이석우,26.24,15.92,22,2025-12-31
143160,(주)아이디스홀딩스,52.3,46.64,3,2025-12-31
066430,김영규,10.49,0.81,2,2025-12-31
122900,㈜그래디언트,43.11,43.02,2,2025-12-31
339950,메가스터디교육(주),64.73,55.31,12,2025-12-31
469750,길기재,32,30.84,4,2025-12-31
460470,김필한,22.32,22.32,0,2025-12-31
099190,차근식,24.57,11.05,8,2025-12-31
461300,㈜시공테크,60.92,26.17,11,2025-12-31
289010,박기석,37.08,4.17,4,2025-12-31
214430,정 한,35.06,33.8,8,2025-12-31
368600,김영훈,49.8,47.87,5,2025-12-31
456010,이정원,25.98,12.05,5,2025-12-31
052860,박창일,30.78,24.86,3,2025-12-31
464500,박기태,39.85,19.16,8,2025-12-31
010780,아이에스지주(주),55.9,45.53,7,2025-12-31
212710,조창현,45.07,42.51,10,2025-12-31
307180,송성근,23.76,21.54,14,2025-12-31
403810,송성근,29.3,29.3,0,2025-12-31
493280,하경식,19.08,18.84,1,2025-12-31
005270,(주)아이엠금융지주,100,100,0,2025-12-31
461030,김태유,16.36,13.45,2,2025-12-31
226350,한혜진,42.21,42.21,0,2023-12-31
451220,최재성,39.94,14.34,10,2025-12-31
078860,(주)디모아,19.45,19.37,1,2025-12-31
090150,신규진,28.88,28.3,3,2025-12-31
031310,(주)파워넷,45.08,37.97,2,2025-12-31
462980,김창균,26.91,11.29,5,2025-12-31
185490,주식회사 한국비엠아이,28.4,23.16,7,2025-12-31
059100,김양국,24.34,15.85,7,2025-12-31
149010,윤경덕,67.49,58.01,7,2025-12-31
262840,김순모,40.37,36.97,4,2025-12-31
175250,최영권,15.08,13.6,5,2025-12-31
052460,박우진,21.09,18.98,3,2025-12-31
119830,최현식,13.89,10.69,1,2025-12-31
052770,(주)케어마일,21.19,18.53,1,2025-12-31
124500,강진모,24.85,12.31,6,2025-12-31
031820,주식회사 아이티센글로벌,25,25,0,2025-12-31
010280,㈜아이티센씨티에스,38.09,38.09,0,2025-12-31
243870,(주)투케이엠,42.68,22.06,5,2025-12-31
232830,(주)아이티센씨티에스,46.47,46.47,0,2025-12-31
372800,이성남,53.87,36.05,5,2025-12-31
084850,㈜나이스홀딩스,63.18,32.54,16,2025-12-31
309710,(주)큐인베스트먼트,43.13,40.88,1,2025-12-31
114840,김태욱,41.7,27.35,3,2025-12-31
139990,동국씨엠(주),58.29,58.29,0,2025-12-31
027360,㈜아주,60.54,60.37,3,2025-12-31
032080,허재명,41.28,24.4,4,2025-12-31
013310,(주)우신산업,31.29,17.49,18,2025-12-31
059120,김창호,33.94,19.31,10,2025-12-31
009320,(주)우신산업,38.5,13.7,7,2025-12-31
0007C0,박외진,22.64,15.6,2,2025-12-31
203690,김태욱,19.3,13.76,3,2025-12-31
158430,김종서,30.3,23.56,3,2025-12-31
297570,권충식,36.84,16.63,2,2025-12-31
200350,(주)아티스트컴퍼니(*1),28.21,18.13,3,2025-12-31
321820,이정재,38.09,27.1,1,2025-12-31
001540,어진,48.22,43.22,5,2025-12-31
053800,안철수,25.71,16.72,1,2025-12-31
251280,김민영,29.39,19.59,20,2025-12-31
065660,이성구,14.6,12.16,8,2025-12-31
260660,이항구,39.05,34.39,8,2025-12-31
354320,㈜다이엑스,27.38,27.38,0,2025-12-31
361570,김진우,33.24,17.99,2,2025-12-31
131370,서형수,26.12,26,1,2025-12-31
003190,(주)바이오스타줄기세포기술연구원,21.76,12.7,14,2025-12-31
140670,강덕현,21.2,20.6,2,2025-12-31
096610,"(주)알에프산업(구,진평전자)",28.43,28.43,0,2025-12-31
061040,(주)알에프스탠다드,15.96,11.77,2,2025-12-31
123010,(주)아이윈,29.36,28.32,2,2025-12-31
476830,이성욱,16.6,16.11,6,2025-12-31
347860,황영규,15.94,7.85,4,2025-12-31
196170,박순재,20.4,19.1,4,2025-12-31
123750,(주)이녹스,46.7,46.6,2,2025-12-31
459550,이상수,19.3,16.15,4,2025-12-31
085810,(주)베노티앤알,19.23,19.23,0,2025-12-31
117670,㈜엔스넷,35.95,18.89,1,2025-12-31
043100,에이아이(AI)혁신성장에쿼티,27.44,14.93,5,2025-12-31
314140,윤재훈,56.67,48.27,5,2025-12-31
293780,이수진,27.22,17.42,4,2025-12-31
161000,에이케이홀딩스,62.23,60.3,10,2025-12-31
390110,김남국,27.95,15.79,2,2025-12-31
310200,(주)제이제이미디어웍스,37.7,20.12,14,2025-12-31
299910,(주)루츠홀딩스,44.9,44.9,0,2023-12-31
179530,비케이파트너스투자조합1호,20.83,20.83,0,2025-12-31
397810,이은현,68.91,20.05,9,2025-12-31
0011A0,김명진,72.88,51.95,3,2025-12-31
052790,Shengqu Technology Korean Limited,51.1,51.1,0,2025-12-31
138360,(주)씨아이테크,19.12,14.71,1,2025-12-31
092600,김경수,33.29,19.05,3,2025-12-31
126870,엔웨이브,34.12,34.05,2,2025-12-31
174900,이종서,12.15,6.85,7,2025-12-31
109960,㈜에이프로젠,80.49,71.66,3,2025-12-31
255440,정광호,47.04,42.58,6,2025-12-31
102120,최 원,21.15,18.65,1,2025-12-31
238120,정연철,39.78,19.12,8,2025-12-31
224810,정재호,52.33,30.33,7,2025-12-31
019990,부코프리미엄 사모투자 합자회사,11.91,11.91,0,2025-12-31
011090,박진규,27.46,22.36,9,2025-12-31
435570,김슬기,75.51,47.24,6,2025-12-31
270660,정우철,33.17,33.03,2,2025-12-31
038680,(주)블루로터스,26.01,14.76,2,2025-12-31
137310,조영식,71.65,26.77,20,2025-12-31
121890,박봉용,34.88,33.45,4,2025-12-31
304360,강세일,21.45,16.88,7,2025-12-31
389500,(주)케이피에프,39.13,36.65,2,2025-12-31
065420,최경덕,30.41,29.83,1,2025-12-31
270210,(주)크레이버코퍼레이션,58.09,52.48,2,2025-12-31
103230,(주)신일,50.57,28.01,2,2025-12-31
260970,여경목,44.16,33.28,3,2025-12-31
101490,정수홍,21.89,20.06,2,2025-12-31
095910,홍성민,15.7,13.82,3,2025-12-31
275630,(주)지란지교시큐리티,40.5,36.71,2,2025-12-31
031330,삼지전자 주식회사,49.92,49.84,2,2025-12-31
112240,(주)해동파트너스,46.1,46.1,0,2025-12-31
0008Z0,배재혁,29.71,12.04,6,2025-12-31
005850,이성엽,62.92,26.46,9,2025-12-31
246250,이영태,39.93,15.53,4,2025-12-31
258540,㈜에스엠비투자파트너스 (브레인제1호투자조합),26.2,9.88,4,2024-12-31
041510,(주)카카오,41.85,21.61,19,2025-12-31
010580,에스엠하이플러스(주),87.58,50.57,3,2025-12-31
460870,최승호,48.09,28.02,9,2025-12-31
464080,정지성,25.09,19.23,5,2025-12-31
109610,홍영돈,36.27,17.24,21,2025-12-31
365330,에스와이(주),42.9,32,5,2025-12-31
012750,"SECOM CO., LTD.",25.65,25.65,0,2025-12-31
306040,이주영,51.26,32.3,14,2025-12-31
025530,김휘중,61.66,51.05,7,2025-12-31
217910,배동수,62.08,58.34,5,2025-12-31
398120,김정수,32.95,30.03,1,2025-12-31
326030,SK(주),64,64,6,2025-12-31
033630,에스케이 텔레콤(주),99.14,99.14,6,2025-12-31
475660,염호영,40.8,17.13,4,2025-12-31
488280,서상덕,23.01,14.62,10,2025-12-31
234300,문찬종,19.4,8.65,19,2025-12-31
026220,이계호,31.42,31.42,0,2025-12-31
039440,성도이엔지,27.64,20.64,3,2025-12-31
098660,김흥수,70.99,67.73,1,2025-12-31
237690,동아쏘시오홀딩스(주),37.65,29.45,4,2025-12-31
458350,김소연,54.49,52.35,2,2025-12-31
050760,이혁렬,32.86,24.09,7,2025-12-31
288620,(주)에스에너지,38.2,30.5,5,2025-12-31
317830,심상균,49.57,25.4,7,2025-12-31
058610,이준호,37.97,19.84,4,2025-12-31
043340,(주)대창,76.42,50,5,2025-12-31
023960,㈜이브이첨단소재,12.09,10.89,2,2025-12-31
163280,하성용,22.54,16.68,4,2025-12-31
298690,아시아나항공㈜,41.94,41.89,1,2025-12-31
054630,김수홍,4.81,4.81,0,2025-12-31
200710,김준석,18,17.78,2,2025-12-31
475580,이치헌,43.37,23.84,8,2025-12-31
078520,주식회사 리프앤바인,62.01,61.52,3,2025-12-31
298380,이상훈,24.9,23.02,13,2025-12-31
203400,(주)텔콘알에프제약,28.63,18.2,8,2025-12-31
003800,안성호,79.55,34.56,3,2025-12-31
088800,엔브이메자닌플러스 사모투자 합자회사,48.43,31.82,1,2025-12-31
241840,(주)이에스프로덕션,25.76,13.13,2,2025-12-31
364950,안진호,31.24,29.9,3,2025-12-31
312610,김준영,53.43,24.09,5,2025-12-31
015260,(주)와이에스피,16.44,12.66,4,2025-12-31
172670,천병태,29.63,18.64,9,2025-12-31
495900,서상구,55.88,31.05,3,2024-12-31
234070,안증호,48.28,16.65,6,2025-12-31
481070,㈜에이유커머스,61.04,59.05,1,2025-12-31
140910,김종국,40.63,9.94,8,2025-12-31
060900,사토시홀딩스㈜,25.06,25.06,0,2025-12-31
445090,보통주,40.32,23.67,7,2025-12-31
010620,HD한국조선해양㈜,42.98,42.4,3,2024-12-31
042670,HD현대사이트솔루션(주),34.2,34.17,2,2024-12-31
295310,문승호,47.79,31.02,3,2025-12-31
072990,이수찬,36.56,15.03,3,2025-12-31
037340,이종훈,17.91,15.5,1,2025-12-31
044990,김정희,27.83,19.74,11,2025-12-31
239610,이해연,63.27,37.53,2,2025-12-31
036170,(주)에이치엠주택관리,37.12,33.28,2,2025-12-31
148930,㈜태광,37.62,37.56,1,2025-12-31
044780,계명재,22.64,18.86,4,2025-12-31
357230,이현용,73.11,71.4,14,2025-12-31
355690,한택수,33.63,25.77,2,2025-12-31
071670,유준호,33.72,32.94,3,2025-12-31
200470,뮤츄얼그로우쓰,55.38,55.33,1,2025-12-31
207490,김권진,93.13,91.72,3,2025-12-31
262260,임종현,39.51,38.26,11,2025-12-31
007460,(주)지베이스,36.63,21.8,5,2025-12-31
003060,㈜에이프로젠,56.88,56.87,2,2025-12-31
397030,차상훈,19.57,19.07,2,2025-12-31
244920,곽근호,27.94,20.2,21,2025-12-31
278470,김병훈,34.8,31.94,5,2025-12-31
230240,정종민,30.66,29.92,2,2025-12-31
159910,(주)더편한,23.19,23.19,0,2025-12-31
230360,김철웅,45.33,37.04,4,2025-12-31
097780,오성첨단소재㈜,29.02,27.98,2,2025-12-31
038870,"농업회사법인 토탈아그로(주) (구, 토탈노즐(주))",37.07,21.66,2,2025-12-31
448280,전종수,71.66,20.45,15,2025-12-31
101360,김민용,16.62,13.35,11,2025-12-31
086520,이동채,25.54,18.84,16,2025-12-31
450080,주식회사 에코프로,45.67,43.7,24,2025-12-31
247540,㈜에코프로,45.59,40.84,14,2025-12-31
383310,㈜에코프로,31.23,31.09,10,2025-12-31
038110,서진오토모티브,31.84,31.65,1,2025-12-31
073540,남재국,37,31.12,3,2025-12-31
036810,장명식,24.29,15.77,2,2025-12-31
173940,한성호,34.28,22.34,4,2025-12-31
083500,한경희,32.91,23.8,12,2025-12-31
446440,성종혁,26.73,24.16,3,2025-12-31
317530,박창신,15.72,10.32,7,2025-12-31
950130,(주)팜젠사이언스,24.72,24.31,4,2025-12-31
373110,이의일,11.76,11.68,1,2025-12-31
205100,조종암,36.67,36.56,1,2025-12-31
356680,㈜가비아,68.76,32.93,4,2025-12-31
373200,(주)엑스페릭스,29.58,21.3,1,2025-12-31
092870,최명배,37.86,14.48,8,2025-12-31
019490,(주)상상인플러스저축은행,15.94,8.08,2,2025-12-31
059180,김희중,55.72,43.83,6,2025-12-31
317870,한정철,28.24,24.39,6,2025-12-31
0004V0,㈜나노,25.52,21.29,2,2025-12-31
236810,박수근,23.32,22.5,3,2025-12-31
140610,형인우,32.78,30.02,1,2025-12-31
333620,진기수,56.49,43.45,2,2025-12-31
475230,강건우,47.96,33.04,2,2025-12-31
224760,김동진,93.97,37.07,10,2025-12-31
391060,스틱벤처스(주),15.69,15.69,0,2023-12-31
422040,에스비아이인베스트먼트(주),13.97,13.97,0,2024-12-31
437780,에스비아이인베스트먼트(주),13.92,13.92,0,2024-12-31
466910,컴퍼니케이파트너스(주),10.99,10.99,0,2025-12-31
265740,유우영,50.61,39.97,4,2025-12-31
354200,에스에이치헬스케어투자1호조합,23.51,23.51,0,2025-12-31
455900,공경철,27.87,22.79,5,2025-12-31
093510,"에이전트에이아이 (구,DGP)",93.73,46.87,4,2025-12-31
183490,주식회사 브리짓라이프사이언스,12.35,7.46,4,2025-12-31
085310,박윤소,27.74,8.12,1,2025-12-31
182400,"NKGen Biotech, Inc.",64.5,64.49,1,2025-12-31
348370,오정강,21.04,14.41,4,2025-12-31
068420,이경호,46.6,14.4,5,2025-12-31
069410,(주)에치에프알,25.64,25.64,0,2025-12-31
004250,임익성,58.29,12.61,14,2025-12-31
048830,Nippon Pigment Holdings Company Limited,49.56,33.33,4,2025-12-31
096870,(주)티에스이,44.26,43.78,1,2025-12-31
276240,이종수,73.41,18.12,2,2025-12-31
376190,엘비세미콘(주),75.61,48.78,1,2023-12-31
138690,신화디앤디㈜,100,93.28,3,2023-12-31
290650,이환철,26.93,25.69,10,2025-12-31
066970,(주)새로닉스,22.34,13.64,18,2025-12-31
156100,강국진,12.21,11.46,6,2025-12-31
010120,(주)LS,49.33,48.46,4,2025-12-31
073110,나우주,50.24,22.74,5,2025-12-31
037950,(주)파트론,57.86,56.05,3,2025-12-31
489500,이창엽,57.11,56.63,2,2025-12-31
170920,최호성,28.96,27.49,6,2025-12-31
058630,손승철,20.09,14.37,17,2025-12-31
226590,조호경,30.67,30.23,4,2025-12-31
058970,삼성에스디에스(주),39.81,35.48,1,2025-12-31
008120,(주)엑사이엔씨,84.74,75.68,3,2025-12-31
097520,민동욱,30.48,27.15,6,2025-12-31
373170,㈜에스피시스템스,66.99,45.61,3,2025-12-31
179290,㈜시너지이노베이션,53.09,52.22,2,2025-12-31
484870,소시어스 웰투시인베스트먼트제2호 기업재무안정 주식회사,73.78,73.78,0,2025-12-31
009780,김길제,73.15,35.11,7,2025-12-31
123040,송혜승,46,18.26,4,2025-12-31
432980,황성관,39.16,33.55,13,2025-12-31
323230,㈜브이티엠인베스트먼트,30.92,30.92,0,2023-12-31
347890,스마트이노베이션홀딩스(유),57.15,57.15,0,2025-12-31
032790,트렌스젠바이오(주),18.78,10.65,4,2025-12-31
033160,(주)오션비홀딩스,34.6,23.24,2,2025-12-31
033310,㈜디케이마린,37.3,20.83,3,2025-12-31
259630,김종성,23.61,21.2,14,2025-12-31
115960,한국콜마(주),100,100,0,2024-12-31
060850,권영범,19.49,14,22,2025-12-31
014440,적수화학공업(주),51,51,0,2025-12-31
143540,박금성,19.38,18.18,3,2025-12-31
111770,㈜영원무역 홀딩스,50.75,50.52,10,2025-12-31
009970,㈜와이엠에스에이,46.75,29.39,9,2025-12-31
003520,(주)케이티앤지,52.45,52.45,0,2025-12-31
000670,장 세 준,70.31,17.9,14,2025-12-31
036000,나성훈,54.25,41.1,3,2025-12-31
250930,전춘섭,36.98,30.78,4,2025-12-31
053280,한세예스24홀딩스(주),55.71,50.01,10,2025-12-31
122640,장동복,25.56,21.24,3,2025-12-31
476040,유종만,27.36,25.38,2,2025-12-31
212310,주식회사 에이치엠네트웍스,51,12.04,9,2025-12-31
045060,김윤정,31.02,22.56,11,2025-12-31
192410,(주)오늘바이오,6.89,3.6,1,2025-12-31
080520,박병근,25.46,14.18,3,2025-12-31
007310,함영준,49.23,25.07,22,2025-12-31
039830,노 희 열,46.5,43.29,2,2025-12-31
322310,㈜에프에스티,54.4,33.54,6,2025-12-31
046120,㈜성진홀딩스,10.88,10.88,0,2025-12-31
475830,이승주,16.4,15.96,3,2025-12-31
014940,주식회사 오리엔탈검사개발,46.04,45.77,1,2025-12-31
065500,(주)오리엔트,25.3,25.3,1,2025-12-31
271560,(주)오리온홀딩스,43.81,37.37,9,2025-12-31
001800,이화경,63.9,32.63,5,2025-12-31
010470,(주)두산,65.46,60.89,5,2025-12-31
417860,전배문,40.67,34.14,19,2025-12-31
053980,(주)오상,36.76,28.34,4,2025-12-31
036220,㈜오상,56.19,34.26,6,2025-12-31
052420,㈜이스트버건디,32.47,13.52,2,2025-12-31
039200,김정근,12.67,12.46,4,2025-12-31
048260,덴티스트리인베스트먼트(주),93.2,83.6,1,2025-12-31
342870,김상무,57.65,34.22,9,2025-12-31
368970,우진비앤지㈜,43.21,42.61,4,2025-12-31
138080,박찬,25.42,17.94,4,2025-12-31
080580,전진국,16.35,12.14,4,2025-12-31
067170,강성희,33.02,25.59,2,2025-12-31
353590,최찬욱,24.9,11.1,8,2025-12-31
173130,장수현,41.3,25.29,7,2025-12-31
440320,권인택,49.49,38.83,1,2025-12-31
049480,정진섭,27.6,24,2,2025-12-31
394280,이성현,21.72,15.09,10,2025-12-31
476060,제일약품(주),52.07,44.95,4,2025-12-31
382150,김이랑,17.37,17.06,4,2025-12-31
005320,(주)크리스에프앤씨,29.33,29.27,1,2025-12-31
244460,㈜제노큐어,36.79,31.4,2,2025-12-31
226950,이동기,15.66,15.17,14,2025-12-31
057540,(주)바이오스마트,23.41,23.36,2,2025-12-31
131030,삼천당제약(주),45.3,44.5,1,2025-12-31
082210,"CHOISANGHO, CORP.",17.88,17.73,1,2025-12-31
109080,신현국,23.47,14.07,5,2025-12-31
380540,블랙마운틴홀딩스(주),17.91,17.91,0,2025-12-31
432430,윤인완,22.39,17.08,6,2025-12-31
338840,박영우,29.21,23.17,3,2025-12-31
122990,(주)대덕,36.02,35.74,8,2025-12-31
232140,(주)샘텍,52.24,50.22,8,2025-12-31
112290,이성일,40.09,29.22,1,2025-12-31
065530,장병권,50.17,46.66,3,2025-12-31
067900,박용하,46.66,33,4,2025-12-31
007530,선지영,40.59,22.1,4,2025-12-31
155650,이윤용,32.6,32.49,2,2025-12-31
251370,전성욱,36.56,29.32,7,2025-12-31
209640,박순일,46.42,29.2,5,2025-12-31
096250,윤여걸,22.97,20.56,1,2025-12-31
273060,한국정보인증(주),57.58,30.42,5,2025-12-31
019210,송호근,32.17,14.05,13,2025-12-31
122870,양현석,22.95,19.33,5,2025-12-31
011690,덕우전자 주식회사,28.88,28.44,1,2025-12-31
403490,김호연,39.38,38.47,7,2025-12-31
033660,(주)우리금융지주,100,100,0,2025-12-31
032820,노갑선,8.86,2.62,3,2025-12-31
041190,이정훈,30.91,19,5,2025-12-31
115440,넷솔루션즈홀딩스 주식회사,26.31,26.31,0,2025-12-31
046970,(주)인피온,23.29,19.98,3,2025-12-31
082850,우리엔터프라이즈,33.99,30.7,2,2025-12-31
298870,(주)우리금융지주,100,100,0,2023-12-31
073560,(주)이지홀딩스,52.5,50.05,7,2025-12-31
037400,윤지용,28.07,20.97,3,2025-12-31
153490,우리바이오㈜,39.6,31.69,4,2025-12-31
010050,(주)우리금융지주,100,100,2,2023-12-31
101170,한현석,55.33,43.22,3,2025-12-31
006980,정보연,38.43,12.73,14,2025-12-31
103840,이구열,33.53,33.3,1,2025-12-31
101970,솔브레인홀딩스(주),73.8,38.71,7,2025-12-31
065680,노영백,32.87,22.84,3,2025-12-31
105840,이재원,31.81,15.99,12,2025-12-31
018620,강재구,23.26,14.65,7,2025-12-31
457550,(주)우진,40.78,40.78,0,2025-12-31
049800,김익환,40.9,25.3,6,2025-12-31
016880,윤새봄,32.01,16.3,5,2025-12-31
095720,㈜웅진,60.34,58.78,10,2025-12-31
396470,박승배,57.58,52.11,5,2025-12-31
005820,신성엽,60.42,42.06,8,2025-12-31
307280,김원일,32.35,32.35,0,2025-12-31
032940,(유)호라이즌,46.52,46.33,8,2025-12-31
104830,(주)원익홀딩스,45.73,45.69,1,2025-12-31
014190,㈜원익머트리얼즈,32.85,31.57,1,2025-12-31
217820,(주)원익홀딩스,31.41,31.05,6,2025-12-31
030530,(주)원익,48.2,30,7,2025-12-31
240810,(주)원익홀딩스,32.98,32.9,7,2025-12-31
074600,(주)원익홀딩스,40.61,21,8,2025-12-31
012620,박성진,44.33,36.16,6,2025-12-31
136150,㈜제이케이인,66.54,25.39,14,2025-12-31
382840,강숙자,40.3,20.5,2,2025-12-31
336570,김종원,51.94,31.73,22,2025-12-31
122830,전동호,49.89,47.11,7,2025-12-31
008370,서승민,55.31,19.5,15,2025-12-31
101160,배종식,35.07,34.79,2,2025-12-31
289930,김정곤,20.33,19.48,5,2025-12-31
010600,(주)메타프리즈 [구)온세텔링크(주)],7.01,7.01,0,2025-12-31
065950,이영규,20.53,15.43,12,2025-12-31
076080,(주)웰크론,34.06,25.79,7,2025-12-31
043590,웰킵스홀딩스(주),54.8,39.5,1,2025-12-31
196700,이재춘,38.18,37.56,5,2025-12-31
069080,김병관,29.09,28.61,2,2025-12-31
053580,석창규,34.1,18.6,16,2025-12-31
479960,위너스지주 유한회사,74.44,74.44,0,2025-12-31
039790,(주)디와이디,65.1,31.13,3,2025-12-31
071460,(주)동강홀딩스,10.63,10.63,0,2025-12-31
044340,윤희종,59.45,28.29,2,2025-12-31
330350,성대영,52.98,52.47,2,2025-12-31
348350,유승교,56.43,55.15,3,2025-12-31
112040,박관호,39.34,39.33,1,2025-12-31
101730,㈜위메이드,74.04,36.83,6,2025-12-31
123420,㈜위믹스코리아,36.96,36.96,0,2025-12-31
065370,김다산,34.5,25.18,8,2025-12-31
140660,박찬구,86.27,65.1,8,2025-12-31
038620,정승환,28.4,16.1,1,2025-12-31
299900,(주)컴투스,38.05,38.05,0,2025-12-31
036090,(주)제이에스아이홀딩스,35.16,17.62,5,2025-12-31
459100,(주)켐트로닉스,59.53,46.54,12,2025-12-31
136540,㈜금양통신,45.38,34.39,5,2025-12-31
097800,어보브반도체(주),47.22,46.8,2,2025-12-31
192390,에스앤글로벌(주),47.46,35.22,6,2025-12-31
008600,전병현,11.8,11.62,2,2025-12-31
335870,(주)휴먼웰니스,39.06,15.06,3,2025-12-31
900340,왕정풍,45.2,25.69,3,2025-12-31
033270,강덕영,40.72,15.21,17,2025-12-31
064510,밸류인포맥스(주),28.56,19.57,2,2025-12-31
014830,(주)유니드글로벌상사,45.56,25.06,11,2025-12-31
446070,(주)유니드글로벌상사,51.06,25.06,15,2025-12-31
036200,김형균,29.03,13.07,3,2025-12-31
018000,명운산업개발(주),9.55,9.55,0,2025-12-31
000910,이 건 영,39.63,23.91,5,2025-12-31
047400,(주)유니온,40,40,0,2025-12-31
203450,신요식,23.61,21.64,5,2025-12-31
011330,(주)제이에이치사람들,20.58,20.54,1,2025-12-31
077500,임 창 완,46.98,45.93,5,2025-12-31
011320,안영구,40.14,21.02,13,2025-12-31
086390,김종현,19.79,19.02,8,2025-12-31
241690,이좌영,64.1,32.22,2,2025-12-31
142210,남궁선,16.08,14.55,5,2025-12-31
121060,주식회사 가이아,53.32,27.67,2,2025-12-31
389680,왕지남,52.44,26.98,1,2025-12-31
088340,조준희,41.12,14.13,11,2025-12-31
048430,엄대열,69.7,41.12,2,2025-12-31
206650,㈜바이오노트,20.03,19.92,2,2025-12-31
495810,조규종,63.77,62.96,3,2025-12-31
084440,임재환,35.34,15.8,22,2025-09-30
264450,㈜유비쿼스홀딩스,43.44,33.49,16,2025-12-31
002920,류 시 영,48.75,22.05,15,2025-12-31
024800,이봉관,60,9.97,8,2025-12-31
000700,최은영,49.92,18.11,4,2025-12-31
054930,전경수,50.57,37.18,6,2025-12-31
069330,박종수,38.4,31.89,5,2025-12-31
049520,주식회사 유아이엘홀딩스,50.84,37.43,3,2025-12-31
003470,Yuanta Securities Asia Financial Services Private Limited,58.82,58.77,2,2025-12-31
263770,황금에스티,70.76,66.01,2,2025-12-31
337840,에스디바이오센서(주),35.2,22.01,2,2025-12-31
072130,박지향,17.53,4.74,6,2025-12-31
388720,김동헌,35.16,31.27,5,2025-12-31
023410,유경선,38.95,11.54,19,2025-12-31
056080,(유)시만,51.36,39.1,1,2025-12-31
001200,유진기업(주),32.37,28.26,10,2025-12-31
084370,엄평용,36.14,34.58,7,2025-12-31
240600,여현국,45.2,18.93,3,2025-12-31
179900,박덕영,23.73,16.62,7,2025-12-31
263050,"Zhejiang Huahai Pharmaceutical Co.,LTD.",14.12,7.83,5,2025-12-31
000100,유한재단,15.96,15.87,2,2025-12-31
069110,주)유한양행,25.43,25.43,0,2025-12-31
003460,윤경립,49.05,22.12,22,2025-12-31
191410,구자옥,35.24,35.24,0,2025-12-31
372170,박치영,58.42,58.39,1,2025-12-31
146060,이인호,54.13,22.19,3,2025-12-31
008730,㈜농심 홀딩스,56.61,31.94,10,2025-12-31
039020,박승준,51.96,31.07,9,2025-12-31
025820,손인국,50.51,24.66,22,2025-12-31
067920,이득춘,21.6,14.27,5,2025-12-31
044960,강승조(*1),38.4,14.79,3,2025-12-31
303530,이성진,32.53,25.73,4,2025-12-31
302430,이비젼유한회사,43.32,42.71,1,2025-12-31
214320,정성이,28.71,17.69,4,2025-12-31
462350,김수종,13.25,13.19,2,2025-12-31
274400,조준희,23.64,17.22,6,2025-12-31
296640,김길곤,33.93,11.77,9,2025-12-31
215790,조봉일,28.46,25.72,2,2025-12-31
333050,김인수,44.99,29.38,3,2025-12-31
469610,장석준,38.59,35.42,2,2025-12-31
088390,장경호,69.31,48.54,2,2025-12-31
272290,(주)이녹스,33.08,26.32,4,2025-12-31
053350,에스제이제일차홀딩스(주),39.69,20.18,3,2025-12-31
452400,강동호,69.76,61.41,5,2025-12-31
264850,(주)이랜텍,56.57,20.77,13,2025-12-31
054210,이해성,33.14,17.33,10,2025-12-31
009730,에스앤티제1호투자조합,17.47,17.47,0,2025-12-31
164060,김용한,37.24,36.44,1,2023-12-31
065440,이승구,18.05,15.77,2,2025-12-31
088260,㈜이랜드리테일,47.97,47.95,6,2025-06-30
139480,정용진,28.85,28.85,3,2025-12-31
010090,(주)이마트,99.28,99.28,0,2023-12-31
424870,(주)유한양행,65.93,65.93,0,2025-12-31
115610,김정철,23.15,18.43,5,2025-12-31
131400,(주)넥스턴앤롤코리아,17.3,17.3,0,2025-12-31
351330,김창수,56.42,11.28,4,2025-12-31
080010,(주)황금에스티,53.38,37.5,3,2025-12-31
457190,㈜이수,35.45,25.04,7,2025-12-31
086890,(주)이수화학,36.12,32.19,5,2025-12-31
007660,(주)이수,26.13,21.47,5,2025-12-31
005950,(주)이수,37.63,34.73,7,2025-12-31
015020,김승제,22.13,12.37,3,2025-12-31
047560,김장중,21.85,19.77,13,2025-12-31
067010,현해남,25.14,21.96,2,2025-03-31
341310,황규익,84.58,30.9,8,2024-12-31
456070,장종욱,18.28,17.96,1,2025-12-31
102710,한국알콜산업(주),35.46,26.13,6,2025-12-31
074610,MORGAN STANLEY AND CO INTERNATIONAL PLC,2.15,2.15,0,2025-12-31
041520,김중헌,46.72,20.47,3,2025-12-31
063760,이재혁,23.12,22.88,2,2025-12-31
123570,김영원,39.98,32.51,10,2025-12-31
091120,정승규,14.93,14.47,4,2025-12-31
232530,(주) 재세능원,88.91,72.44,2,2025-12-31
102460,유용환,54.37,28.4,4,2025-12-31
039030,성규동,31.06,28.35,10,2025-12-31
294090,Citadel Multi-Asset Master Fund Ltd.,21.71,14.61,4,2025-12-31
088290,래인파트너스(주),18.15,17.95,1,2025-12-31
084680,(주)이랜드월드,62.64,43.42,2,2025-12-31
181340,(주)어바인아시아,24.58,24.58,0,2023-12-31
353810,(주)이지홀딩스,51.53,50.16,3,2025-12-31
261520,김성호,59.91,58.41,5,2025-12-31
334890,이지스자산운용(주),16.47,16.09,5,2025-02-28
099750,서울대학교병원,35.48,32.86,10,2025-03-31
377330,강찬호,44.76,39.97,8,2025-12-31
035810,지현욱,52.22,28.57,4,2025-12-31
092130,한국기업평가(주),67.77,67.77,0,2025-12-31
134060,이기현,28.56,25.05,1,2025-12-31
001840,최삼규,47.05,31.57,1,2025-12-31
000760,조규완,72.8,24.89,11,2025-12-31
014990,글로벌세아(주),63.51,63.51,1,2025-12-31
041830,차기철,29.12,18.14,6,2025-12-31
352940,이명재,31.41,29.61,7,2025-12-31
101140,(주)버킷스튜디오,78.91,78.89,1,2025-12-31
216400,인바이츠지노믹스,24.39,24.18,1,2025-12-31
079950,구동범,28.53,9,11,2025-12-31
0007J0,신태현,22.64,21.69,2,2025-12-31
389470,김주희,18.89,11.65,4,2025-12-31
277410,김윤세,26.03,22,8,2025-12-31
060150,아이에스동서(주),44.97,44.97,2,2025-12-31
033230,에스넷시스템(주),21.73,19.09,2,2025-12-31
465480,최정규,72.77,31.04,10,2025-12-31
037330,인지컨트롤스(주),57.74,20.25,8,2025-12-31
023800,정구용,42.94,20.35,4,2025-12-31
211050,최병채,43.37,23.1,26,2025-12-31
083640,㈜케이바이오컴퍼니,34.21,34.21,0,2025-12-31
064090,(주)휴먼웰니스,14.33,12.97,1,2025-12-31
216050,SK스퀘어,36.76,36.06,2,2025-12-31
049070,김근하,38.73,17.24,6,2025-12-31
311960,김종철,46.33,29.49,2,2025-12-31
119610,노시철,37.8,29.05,30,2025-12-31
017250,조순구,48.17,28.51,7,2025-09-30
129260,동국홀딩스(주),55.27,48.34,9,2025-12-31
051370,(주)코리아써키트,47.72,30.56,4,2025-12-31
064290,이상윤,15.28,6.8,2,2025-12-31
189300,성상엽,23.13,17.52,6,2025-12-31
287840,박태교,20.42,19.57,8,2025-12-31
150840,포트해밀턴투자조합,9.81,9.81,0,2025-12-31
048530,윤성준,17.35,11.75,3,2025-12-31
070590,한솔홀딩스(주),42.25,34,1,2025-12-31
115310,권성준,17.43,16.59,1,2025-12-31
039290,박태형,39.47,17.87,9,2025-12-31
071200,(주)솔본,50.5,48.66,4,2025-12-31
101930,이 인,51.3,51.3,0,2025-12-31
249420,일동홀딩스(주),34.46,30.52,12,2025-12-31
000230,씨엠제이씨㈜,46.57,17.02,13,2025-12-31
033550,(주)세븐인베스트먼트,39.67,31.97,3,2025-12-31
013360,IB Capital Ltd,60.42,60.41,3,2025-12-31
003120,윤석근,38.19,15.59,10,2025-12-31
333430,(주)세진중공업,74.23,54.51,3,2025-12-31
068330,홍성대,30.93,29.63,4,2025-12-31
003200,김영호,52.03,21.62,24,2025-12-31
007110,(재)세계평화통일가정연합유지재단,41.32,41.32,0,2025-12-31
007570,정도언,26.84,21.84,7,2025-12-31
178780,(주)일월,44.08,15.16,6,2025-12-31
081000,일진홀딩스㈜,51.59,50.07,2,2025-12-31
103590,일진홀딩스(주),50.12,49.25,7,2025-12-31
094820,이광섭,36.79,22.72,5,2025-12-31
271940,일진다이아몬드(주),70,59.56,2,2025-12-31
015860,허정석,54.9,29.1,5,2025-12-31
001590,변동필,89.17,28.44,4,2025-11-30
226320,임병철,61.59,35.25,5,2025-12-31
950140,㈜코스메카코리아,55.08,50,4,2025-12-31
049550,미원홀딩스 주식회사,42.69,24.48,13,2025-12-31
389020,백준현,57.59,30.25,2,2025-12-31
043910,(주)데이터테크놀로지,8.97,5.19,2,2025-12-31
234920,이 진 희,68.24,66.17,2,2025-12-31
289220,하승봉,37.92,16.77,10,2025-12-31
317400,GS건설(주),39.4,39.4,0,2025-12-31
033240,김상면,36.95,17.01,4,2025-12-31
174880,케이에이치필룩스(주),17.6,11.18,1,2025-12-31
049630,재영아이텍(주),14.26,7.94,4,2025-12-31
417840,임영진,29.72,26.18,3,2025-12-31
000950,삼영엔지니어링(주),16.52,4.48,5,2025-12-31
079900,모트렉스 주식회사,77.33,77.33,3,2025-12-31
110020,이태훈,6.84,3.48,1,2025-12-31
208140,(주)이지홀딩스,50.48,50.48,0,2025-12-31
040420,허용석,40.77,35.42,6,2025-12-31
045510,박창호,22.14,9.6,10,2025-12-31
217190,한복우,44.36,38.34,2,2025-12-31
095700,(주)한독,13.28,13.28,0,2025-12-31
072520,엠씨제2호그로우쓰 사모투자합자회사,25.07,22.92,1,2024-12-31
122310,박병욱,26.88,24.25,11,2025-12-31
361390,한국항공우주산업(주),50.22,37.95,1,2025-12-31
066830,김재종,48.4,32.86,4,2025-12-31
225220,(주)호일바이오메드,26.17,10.02,10,2025-12-31
123330,솔브레인홀딩스(주),34.55,34.55,0,2025-12-31
381620,배성관,38.46,36.59,1,2025-12-31
147830,박종태,42.13,22.38,3,2025-12-31
033100,박종태,33.13,17.93,5,2025-12-31
079370,이종우,39.43,22.11,7,2025-12-31
054950,한미사이언스(주),39.19,39.19,1,2025-12-31
090470,정재송,38.73,19.12,4,2025-12-31
033320,차현배,46.29,31.86,4,2025-12-31
417500,함석헌,56.91,52.73,3,2025-12-31
039230,오성투자조합,32.08,32.08,0,2024-12-31
204270,(주)진우엔지니어링,65.85,58.63,4,2025-12-31
127120,주성씨앤에어,28.02,17.61,5,2025-12-31
194370,홍재성,56.18,21.98,7,2025-12-31
026040,김기문,33.34,21.69,4,2025-12-31
452160,이정범,71.12,46.06,3,2025-12-31
126880,김방희,16.97,15.22,4,2025-12-31
322510,김원태,20.06,18.27,2,2025-12-31
254160,박훈웅,82.25,36.76,6,2025-12-31
033050,제이엠티(주),40.07,35.31,3,2025-12-31
094970,정수연,39.98,20.15,1,2025-12-31
204210,㈜알136,13.05,0,1,2025-12-31
060230,(주)엠에이치테크,18.93,18.93,0,2025-12-31
420570,이재섭,62.03,24.65,6,2025-12-31
089790,유홍준,28.26,26.32,2,2025-12-31
030000,삼성전자,28.47,25.24,5,2025-12-31
052670,심의정,26.91,14.27,3,2025-12-31
271980,한승수,62.28,3,8,2025-12-31
412540,이영진,50.83,25.94,6,2025-12-31
199820,강동욱,60.52,43.24,2,2025-12-31
038010,나주영,44.92,34.79,5,2025-12-31
002620,한승수,73.16,57.8,6,2025-12-31
080220,박성식,10.47,10.35,4,2025-12-31
006220,신한금융지주회사,64.01,64.01,0,2025-12-31
089590,에이케이홀딩스(주),53.63,50.37,6,2025-12-31
216080,김재영,30.24,23.52,20,2025-12-31
337930,강민준,45.5,29.63,4,2025-12-31
229000,조상래,13.41,13.32,1,2025-12-31
248020,박춘하,100,46.86,4,2023-12-31
082270,㈜젬앤컴퍼니,25.92,10.51,16,2025-12-31
004910,양성아,37.78,18.62,13,2025-12-31
004700,지길순,30.65,9.62,2,2025-12-31
001550,(주)경농,56.75,54.56,1,2025-12-31
462520,(주)시알홀딩스,80.18,59.03,12,2025-12-31
120030,CS홀딩스(주),51.84,45.32,1,2025-12-31
034940,조원기,20,11.33,2,2025-12-31
067000,(주)엔드림,35.37,33.76,3,2025-12-31
309930,(주)조이웍스,14.69,14.69,0,2025-12-31
018470,이영호,41.98,18.06,1,2025-12-31
002600,(주)오뚜기,67.2,48.92,11,2025-12-31
018700,주)바른손이앤에이,36.58,29.92,3,2025-12-31
185750,(주)종근당홀딩스,39.74,26.29,5,2025-12-31
063160,(주)종근당홀딩스,39.16,39.11,1,2025-12-31
001630,이장한,47.91,33.73,6,2025-12-31
033340,(주)우리인터텍스,45.36,37.13,2,2025-12-31
036930,황철주,30.08,25.5,10,2025-12-31
109070,(주)비앤피주성(주1),35.98,35.98,0,2025-12-31
051980,(주)광무,28.99,14.46,2,2025-12-31
221800,이재웅,46.49,31.56,5,2025-12-31
228760,안성환,15.78,13.33,16,2025-12-31
314130,박한수,14.58,7.51,5,2025-12-31
013890,(주)현대백화점,44.85,38,1,2025-12-31
389030,박웅양,31.3,31.3,1,2025-12-31
263860,이동범,39.26,31.54,2,2025-12-31
303030,HALO MICROELECTRONICS INTERNATIONAL CORPORATION,33.28,33.28,0,2025-12-31
036180,백옥생코리아(주),22.69,22.69,0,2024-12-31
155960,(주)유아이디,84.29,83.56,5,2025-12-31
208350,(주)지란지교소프트,44.64,44.64,0,2025-12-31
446840,한동진,20.4,18.24,16,2025-12-31
144510,(주)녹십자,42.71,33.28,21,2025-12-31
340450,(주)녹십자,42.56,19.6,16,2025-12-31
306620,황성일,51.67,43.12,9,2025-12-31
358570,장명호,7.58,6.06,25,2025-12-31
382480,이인영,40.76,29.71,4,2025-12-31
382800,박상순,29.71,22.11,15,2025-12-31
051160,김영준,27.85,14.92,5,2025-12-31
037640,(주)GS글로벌,67.53,67.53,0,2025-12-31
076340,이규항,48.22,19.52,7,2025-12-31
388610,강희철,35.79,32.81,5,2025-12-31
493330,이상섭,46.3,45,2,2025-12-31
119850,안병철,33.51,30.4,6,2025-12-31
065060,"(주)크레오에스지(구, ㈜큐로컴)",41.29,34.01,2,2025-12-31
204840,더블유사이언스주식회사,29.77,29.77,0,2025-12-31
071320,정 부 (기후에너지환경부),64.63,34.55,2,2025-12-31
111820,최은주,37.79,37.79,0,2025-12-31
456160,이희용,16.7,11,17,2025-12-31
388050,김영일,35.43,21.91,8,2025-12-31
088790,임병남(주2),50.61,42.91,3,2025-12-31
018120,서태선,65.6,27.39,5,2025-12-31
109820,김수옥,15.95,8.67,3,2025-12-31
086060,이찬호,28.64,28.09,2,2025-12-31
036890,윤우석,37.28,14.98,2,2025-12-31
363250,서유진,18.67,15.52,4,2025-12-31
007370,최재준,35.3,20.8,7,2025-12-31
010640,(주)진양홀딩스,50.5,50.5,0,2025-12-31
100250,KPX홀딩스(주),67.35,67.12,6,2025-12-31
272450,(주)대한항공,54.93,54.91,7,2025-12-31
285800,심영수,57.54,30.48,12,2025-12-31
011000,박영근,8.92,7.03,7,2025-12-31
250030,김임준,49.04,43.5,7,2025-12-31
002780,효성중공업(주),48.19,48.19,0,2025-12-31
233990,최원석,63.56,55.69,4,2025-12-31
085660,차광렬,28.19,4.92,25,2025-12-31
351870,최영섭,65.72,63.28,1,2025-12-31
009310,(주)에이치비홀딩스그룹,49.48,30.64,1,2025-12-31
094850,삼천리자전거(주),42.1,42.1,0,2025-12-31
368030,박제현,100,83.48,3,2025-12-31
004650,임성우,27.11,23.36,4,2025-12-31
278280,이상율,47.41,28.23,11,2025-12-31
000650,박도현,85.74,44.97,2,2025-12-31
001490,한만오,61.4,61.4,0,2025-12-31
362320,최석주,45.68,39.7,1,2025-12-31
013720,그로우스앤밸류13호투자조합,11.31,10.68,4,2025-12-31
012600,제이앤에이티홀딩스(주),36.92,25.22,1,2025-12-31
066360,(주)체리비홀딩스,62.44,39.55,7,2025-12-31
033250,(주)MSHC,35.09,20.84,3,2025-12-31
047820,큐씨피미디어홀딩스(유),45.04,45.04,0,2025-12-31
291650,(주)알티캐스트,34.08,17.72,1,2025-12-31
094360,한투반도체투자주식회사,34.24,31.26,2,2025-12-31
0082N0,이병철,20.41,14.4,4,2025-12-31
284620,이기섭,11.93,8.02,13,2025-12-31
446600,새한산업(주),68.97,67.15,1,2023-12-31
035720,김범수,24.1,13.28,89,2025-12-31
293490,㈜카카오,45.1,37.57,19,2025-12-31
323410,(주)카카오,27.16,27.16,0,2025-12-31
377300,㈜카카오,46.18,46.14,2,2025-12-31
140430,김승수,53.37,51.86,4,2025-12-31
042000,우창균,23.31,8.4,11,2025-12-31
313760,드래곤인베스트조합,20.64,20.64,0,2025-12-31
071850,윤상원,27.4,10.92,8,2025-12-31
210120,디비투자조합,8.49,8.49,0,2025-12-31
050110,권현진,18.91,18.88,1,2025-12-31
452300,송은강,32.83,24.73,1,2025-12-31
451760,이성희,27.98,23.6,5,2025-12-31
900310,줘중비아오,45.56,45.56,0,2025-12-31
078340,㈜컴투스홀딩스,29.77,29.68,8,2025-12-31
291230,(주)위지윅스튜디오,21.97,20.73,3,2025-12-31
063080,송병준,34.93,33.44,5,2025-12-31
263700,(주)원익홀딩스,31.85,31.77,3,2025-12-31
214370,정용지,64.43,63.28,4,2025-12-31
221980,민남규,71,37.7,7,2025-12-31
900280,주승화,11.84,11.84,0,2023-12-31
038530,㈜미래아이앤지,33.09,27.58,1,2025-12-31
279570,비씨카드㈜,33.72,33.72,0,2025-12-31
001620,㈜KBI국인산업,48.46,34.91,10,2025-12-31
003450,KB금융지주,100,100,0,2025-12-31
021960,KB금융지주,100,100,0,2025-12-31
192250,최승락,35.03,24.61,3,2025-12-31
431190,이재영,46.07,44.43,2,2025-12-31
029460,고상걸,42.05,27.01,6,2025-12-31
002380,정몽진,35.01,20,13,2025-12-31
344820,정몽익,44.58,27.15,16,2025-12-31
115500,한국지주(주),66.67,66.67,0,2025-12-31
281820,㈜케이씨,54.54,34.35,8,2025-12-31
025880,정한식,26.43,19.84,5,2025-12-31
093320,(주)가비아,39.1,36.3,3,2025-12-31
093640,(주)고스트로보틱스테크놀로지,19.2,19.2,0,2025-12-31
226360,(주)장원테크,45.28,7.73,5,2025-12-31
033180,케이에이치미래물산(주),46,30.37,2,2025-12-31
081970,(주)케이엑스이노베이션,94.68,88.33,4,2025-12-31
105330,(주)비지에프에코머티리얼즈,56.75,56.75,0,2025-12-31
053080,엔브이에이치 원방테크㈜,51.42,51.42,0,2025-12-31
199430,김명한,46.07,18.05,19,2025-12-31
432470,정봉진,61.4,55.12,7,2025-12-31
272110,심호섭,24.3,14.11,5,2025-12-31
039420,정지원,28.1,15,2,2025-12-31
032500,김덕용,31.37,27.05,1,2025-12-31
225430,강일모,38.79,37.29,1,2025-12-31
068100,김동식,46.19,33.55,6,2025-12-31
106080,(주)에이치에스홀딩스,24.46,16.48,4,2025-12-31
455180,김옥태,35.37,17.92,7,2025-12-31
030200,현대자동차㈜,8.07,4.86,1,2025-12-31
053210,(주)케이티,50.31,50.31,0,2025-12-31
036030,(주)케이티,73.01,70.49,3,2025-12-31
033780,중소기업은행,8.06,8.06,0,2025-12-31
064820,템퍼스인베스트먼트(주),30.7,29.49,6,2025-12-31
024880,(주)송현홀딩스,39.27,35.62,5,2025-12-31
042040,㈜텔콘알에프제약,24.79,14.77,1,2025-12-31
054410,(주)알루텍,56.23,56.2,3,2025-12-31
288180,윤기형,47.8,20.5,2,2025-12-31
258610,(주)그린테크시스템,56.7,36.44,2,2025-12-31
274090,케플러 주식회사,27.08,27.08,0,2025-12-31
402420,이동호,33.32,28.6,5,2025-12-31
089010,김보균,23.52,11.83,10,2025-12-31
176590,조영화,34.29,6.03,9,2025-12-31
052400,조정일,39.42,34.27,8,2025-12-31
402030,김영섬,36.86,22.88,16,2025-12-31
391710,(주)에이피에스,69.94,41.78,9,2025-12-31
046070,한국산업은행,22.28,22.28,0,2025-12-31
047770,(주)코앤컴,60.06,49.26,7,2025-12-31
080530,(주)지피클럽,41.54,36.68,3,2025-12-31
417310,주식회사 신한은행(주1) (페블스톤전문투자형리츠부동산모투자신탁제1-1호),19.8,19.8,3,2025-02-28
357120,한국스탠다드차타드은행(미래에셋자산운용),12.1,12.1,1,2025-05-31
007810,(주)영풍,53.33,39.75,6,2025-12-31
190650,더케이파트너스 유한회사,51.65,45.68,4,2025-03-31
123410,"SIS S,R,L",39.52,34.91,3,2025-12-31
003690,장인순,20.33,6.11,5,2025-12-31
036690,변우석,48.55,21.31,12,2025-12-31
049430,강동헌,35.43,34.79,4,2025-12-31
183300,(주)미코,41.1,41.1,0,2025-12-31
041960,양경훈,38.36,29.88,7,2025-12-31
089890,박명순,49.76,49.71,2,2025-12-31
082660,주식회사 에스엠지영민송도,8.05,8.05,0,2025-12-31
043710,(주)세심,56.2,45.45,5,2025-12-31
192820,코스맥스비티아이,27.51,27.23,9,2025-12-31
044820,서성석,63.01,22.61,7,2025-12-31
222040,코스맥스비티아이(주),43.93,43.53,14,2025-12-31
241710,박은희,39,25.2,7,2025-12-31
005070,코스모화학 주식회사,29.31,27.19,7,2025-12-31
005420,(주)코스모앤컴퍼니,30.54,27.4,9,2025-12-31
355150,한태성,41.52,26.93,15,2025-12-31
169670,배준호,57.36,45.37,14,2025-12-31
071950,백운조합,20.42,16.96,6,2025-12-31
166480,김경숙,9.74,6.49,12,2025-12-31
045970,이희준,19.58,19.52,2,2025-12-31
196450,코아시아 케이프 제일호 신기술사업투자조합,41.48,29.44,1,2025-12-31
002020,이웅열,50.77,48.69,7,2025-12-31
003070,㈜코오롱,82.32,72.7,26,2025-12-31
102940,㈜코오롱,42.46,25.11,9,2025-12-31
120110,㈜코오롱,34.8,33.43,15,2025-12-31
950160,코오롱,66.22,39.27,19,2025-12-31
021240,넷마블(주),25.77,25.74,7,2025-12-31
056360,황 인 환,28.82,16.82,3,2025-12-31
282880,이재환,21.71,18.17,11,2025-12-31
121850,조재형,16.77,12.12,3,2025-12-31
448710,조지원,34.59,19.75,6,2025-12-31
126730,손진형,66.59,48.54,9,2025-12-31
052330,(주)아이디스홀딩스,40.81,38.47,3,2025-12-31
322780,오영섭,32.93,29.97,5,2025-12-31
036420,중앙피앤아이 주식회사,42.24,38.63,2,2025-12-31
215380,천희정,33.61,12.81,9,2025-12-31
200130,콜마홀딩스(주),53.6,44.63,8,2025-12-31
024720,윤상현,48.41,31.75,11,2025-12-31
294570,위피앤씨(주),30.31,21.88,14,2025-12-31
284740,쿠쿠홀딩스(주),70.09,40.55,4,2025-12-31
464490,백승기,25.75,19.25,8,2025-12-31
317690,Ezrah Charitable Trust,29.85,16.4,5,2025-12-31
078940,(주)샌드크래프트,13.88,13.88,0,2024-12-31
432720,김두호,32.46,20.82,2,2025-12-31
456190,안영욱,57.25,35.44,1,2025-12-31
365270,권영근,8.93,8.62,2,2025-12-31
348080,(주)인벤티지랩,35.03,19.44,2,2025-12-31
086460,지더블유바이텍(주),75.84,75.84,0,2024-12-31
060280,(주)에치와이,30.94,30.94,0,2025-12-31
372320,김건수,18.69,10.67,8,2025-12-31
115180,(주)동구바이오제약,10.82,10.82,0,2025-12-31
494120,윤호영,22.62,12.37,3,2025-12-31
445680,김남용,17.4,17.03,5,2025-12-31
182360,강승곤,53.99,36.54,5,2025-12-31
405100,김영부,59.6,57.56,1,2025-12-31
377460,유한회사 큐밍에이드제일차,77.91,64.46,2,2025-12-31
136660,유병소,35.27,35.27,0,2025-12-31
016600,(주)지엔코,39.24,39.16,1,2025-12-31
355390,박민우,13.56,13.18,1,2025-12-31
264900,(주)크라운 해태홀딩스,61.68,39.5,7,2025-12-31
005740,(주)두라푸드,55.02,38.08,12,2025-12-31
259960,장병규,21.89,15.05,38,2025-12-31
096240,김영화,21.77,15.38,9,2025-12-31
040350,(주)큐로홀딩스,42.25,20.26,5,2025-12-31
110790,윤정화,40.12,21.8,8,2025-12-31
900250,다이중치우,20.06,16.98,1,2025-12-31
214150,"BCPE Centur Investments, LP",54.16,54.16,0,2025-12-31
466100,김창구,16.69,15.54,5,2025-12-31
237880,한현옥,60.71,48.57,2,2025-12-31
139670,(주)솔본,32.06,30.54,1,2025-12-31
020120,(주)다우데이타,44.53,36.56,11,2025-12-31
039490,(주)다우기술,41.59,41.55,8,2025-12-31
054780,(주)에스엠엔터테인먼트,33.52,28.22,1,2025-12-31
256940,㈜둠밈,24.05,19.92,3,2025-12-31
336040,리송마가렛민선 (송민선),46.36,28.23,8,2025-12-31
219130,(주)티에스이,43.79,43.71,1,2025-12-31
346010,유창금속공업㈜,53.97,21.96,3,2025-12-31
318660,주양효,83.73,78.25,7,2025-12-31
476710,이성호,78,78,0,2025-12-31
434190,㈜나인테크,52.44,41.98,3,2025-12-31
336680,박영근,74.1,58.4,2,2025-12-31
360070,(주)코윈테크,56.06,36.53,3,2025-12-31
180060,윤정택,30.51,27.82,10,2025-12-31
065130,김원남,27.61,14.53,8,2025-12-31
134580,(주)탑코,71.47,68.65,3,2025-12-31
014580,태경산업(주),47.23,43.58,4,2025-12-31
015890,김해련,62.02,23.28,8,2025-12-31
006890,(주)태경비케이,58.67,40.01,3,2025-12-31
023160,(주)대신인터내셔날,45.01,27.3,9,2025-12-31
003240,이호진,54.53,29.48,7,2025-12-31
011280,태림페이퍼(주),71.72,68.94,1,2025-12-31
323280,김종학,31,21.88,5,2025-12-31
053620,현창수,62.48,23.57,9,2025-12-31
052960,황창순,91.24,58.34,11,2025-12-31
004100,한우삼,41.44,0,3,2025-12-31
009410,티와이홀딩스,58.7,58.22,4,2025-12-31
044490,허용도,54.53,19.89,6,2025-12-31
124560,한재동,43.61,32.64,4,2025-12-31
001420,남기영,43.99,10.99,12,2025-12-31
191420,전세화,41.91,34.31,5,2025-12-31
066700,고재훈,13.97,10.14,3,2025-12-31
095610,주숭일,29.92,17.75,8,2025-12-31
055490,(주)한솔케미칼,44.99,44.89,2,2025-12-31
064520,(주)비에이치,45.28,33.4,2,2025-12-31
089030,나윤성,24.13,13.5,6,2025-12-31
258050,유재용,19.2,19.2,0,2025-12-31
047730,(주)웨이브일렉트로닉스,78.04,33.04,2,2025-12-31
054450,이장규,20.1,20,1,2025-12-31
078000,금한태,41.09,32.87,2,2025-12-31
200230,(주)뉴온,17.78,15.67,1,2025-12-31
214420,배해동,53,27.81,4,2025-12-31
393210,이상돈,32.75,20.3,7,2025-12-31
475960,박용근,26.55,17.26,10,2025-12-31
215480,이선근,20.45,18.12,5,2025-12-31
051360,김용범,15.85,10.32,14,2025-12-31
045340,최대주주 본인,30.72,30.29,3,2025-12-31
108230,이재환,42.57,27.66,5,2025-12-31
079970,(주)투비소프트에이엑스,23.54,10.35,2,2025-12-31
199800,(주)제넥신,19.11,12.47,3,2025-12-31
417790,안재천,43.7,26.25,3,2025-12-31
091810,(주)소노인터내셔널,71.25,43.58,18,2025-12-31
290090,정한섭,66.65,64.77,5,2025-12-31
026150,김중헌,28.01,12.05,13,2025-12-31
464280,김철준,46.26,45.91,5,2025-12-31
117730,안승욱,18.96,16.89,6,2025-12-31
033830,(주)귀뚜라미홀딩스,37.2,28.68,5,2025-12-31
084870,우종완,49.63,19.55,21,2025-12-31
057680,(주)위지트,32.97,30.77,5,2025-12-31
204610,김기영,33.4,26.77,8,2025-12-31
125020,(주)바이오스마트,50.57,47.61,5,2025-12-31
064760,"TOKAI CARBON CO.,LTD.",52.6,52.6,0,2025-12-31
246710,윤원수,15.08,10.7,3,2025-12-31
340570,최윤소,42.7,23.7,9,2025-12-31
043220,시스코바이오투자조합,3.82,3.82,0,2025-12-31
277880,TSI-안다H 일반사모투자신탁 제6호,31.5,31.5,0,2025-12-31
131290,권상준,50.37,21.23,22,2025-12-31
019180,이광연,42.8,20.9,3,2025-12-31
425420,문성주,60.98,44.02,7,2025-12-31
484810,㈜유진로지스틱스,57.6,40.1,1,2025-12-31
131100,(주)초록뱀미디어,64.31,64.31,0,2025-12-31
356860,백성현,29.12,19.36,8,2025-12-31
062860,(주)원익홀딩스,63.5,63.5,0,2025-12-31
413300,서충옥,83.71,47.72,8,2025-12-31
217590,㈜케이피에프,56.42,48.76,7,2025-12-31
363280,윤석민,33.63,25.44,3,2025-12-31
321550,김훈택,30.84,28.95,8,2025-12-31
425040,유원양,32.74,24.08,10,2025-12-31
241790,티이엠씨 주식회사,33.55,33.4,1,2025-12-31
022220,티케이지태광(주),47.53,47.53,0,2025-12-31
069260,티케이지태광(주),43.42,39.95,2,2025-12-31
104480,에스엠인더스트리(주),47.89,32.86,1,2025-12-31
081150,김영국,30,10.46,5,2025-12-31
130740,이정훈,38.59,19.08,2,2025-12-31
217880,최백준,40.23,34.01,9,2025-12-31
440110,남이현,25.31,11.67,19,2025-12-31
034230,(주)파라다이스글로벌,45.26,37.62,8,2025-12-31
290560,(주)엑셈,55.83,38.57,4,2025-12-31
288330,PARATAXIS HOLDINGS LLC,54.29,22.98,4,2025-12-31
033540,휴림인프라투자조합,9.43,9.43,0,2025-12-31
388870,윤정혁,32.95,21.31,12,2025-12-31
043200,(주)지본,25.1,23.03,2,2025-12-31
214450,정상수,31.37,30.8,9,2025-12-31
217950,(주) 파마리서치,48.65,45.94,6,2025-12-31
208340,김정규,63.73,17.19,7,2025-12-31
005690,김현수,9.36,8.82,6,2025-12-31
177830,이제훈,27.71,22.37,1,2025-12-31
037070,유일한,71.08,31.34,9,2025-12-31
150900,조규곤,19.6,19.25,5,2025-12-31
047310,(주)탑엔지니어링,33.96,33.75,1,2025-12-31
368770,고연완,47.66,31.5,8,2025-12-31
170790,(주)이글루코퍼레이션,42.1,31.04,3,2025-12-31
049120,㈜파인엠텍,52.68,21.75,16,2025-12-31
387570,전성우,36,26.57,7,2025-12-31
441270,홍성천,27.92,14.97,12,2025-12-31
106240,(주)오르비텍,42.1,42.1,10,2025-12-31
131760,강원일,7.28,6.59,2,2025-12-31
065690,박창식,43.79,21.24,8,2025-12-31
140860,박상일,32.4,32.3,8,2025-12-31
091700,김종구,37.75,16.89,13,2025-12-31
202960,김경익,66.49,55.78,10,2025-12-31
032800,㈜미래아이앤지,23.32,10.99,3,2025-06-30
318010,이병욱,65.33,50.5,6,2025-12-31
036580,(주)하림지주,56.63,56.34,6,2025-12-31
027710,(주)이지홀딩스,48.72,48.72,0,2025-12-31
004720,한의상,19.87,11.27,5,2025-12-31
266350,지헌민,15.6,11.04,4,2025-12-31
225590,(주)메이븐에프씨,43.23,29,4,2025-12-31
068050,박영석,35.93,33.15,2,2025-12-31
028670,(주)하림지주,54.92,54.72,13,2025-12-31
222110,(주)휴온스,40.72,36.67,4,2025-12-31
271830,김재웅,44.21,21.7,8,2025-12-31
010820,김근수,44.37,25.28,6,2025-12-31
016800,(주)퍼시스지주,54.57,33.57,11,2025-12-31
263750,김대일,37.19,36.66,13,2025-12-31
251970,이도훈,60.01,32.03,6,2025-12-31
187660,현대바이오사이언스(주),36.92,25.95,2,2025-12-31
001020,유암코기업리바운스제칠차 기업재무안정사모투자합자회사,86.6,86.6,1,2025-12-31
327610,이상현,40.03,38.53,8,2025-12-31
168360,(주)덕인,44.46,31.64,3,2025-12-31
087010,최호일,8.47,7.15,6,2025-12-31
010770,김종석,52.07,26.12,1,2025-12-31
064800,(주)젬백스앤카엘,24.53,21.75,10,2025-12-31
119500,오세원,35.42,13.92,12,2025-12-31
389140,윤준호,21.57,21.53,1,2025-12-31
105760,은동욱,35.33,24.86,13,2025-12-31
058430,(주)포스코,56.87,56.87,0,2025-12-31
009520,(주)포스코,50.65,48.85,1,2025-12-31
047050,포스코홀딩스(주),70.72,70.71,3,2025-12-31
003670,포스코홀딩스(주),60.6,58.2,6,2025-12-31
022100,포스코홀딩스,65.38,65.38,4,2025-12-31
189690,조종민,50.58,33.4,6,2025-06-30
256630,안범모,48.52,28.01,10,2025-12-31
331380,(주)위허브,34.8,23.3,1,2025-12-31
208710,(주)디에스누림,42.01,42.01,0,2025-12-31
472850,대명화학,76.3,53.7,3,2025-12-31
234100,(주)폴라리스오피스,34.13,34.13,0,2025-12-31
041020,조성우,28.17,14.67,8,2025-12-31
114630,(주)폴라리스세원,34.37,34.37,0,2025-12-31
039980,(주)폴라리스우노,41.07,16.59,6,2025-12-31
041910,(주)폴라리스오피스,29.5,7.52,3,2025-12-31
220180,(주)오상헬스케어,57.52,8.77,4,2025-12-31
290720,(주)온힐파트너스,53.89,53.89,0,2025-12-31
005670,성민겸,51.76,14.92,28,2025-12-31
094940,함현철,25.93,14.84,3,2025-12-31
007330,주신홍,62.38,17.22,7,2025-12-31
017810,남승우,59.87,56.49,17,2025-12-31
023900,이한용,67.78,42.03,12,2025-12-31
103140,(주)풍산홀딩스,38.02,38,4,2025-12-31
005810,류진,48.76,37.61,7,2025-12-31
371950,유명훈,69.81,41.54,9,2025-12-31
298060,마르시아 신기술조합 제77호,40.74,25.56,2,2025-12-31
370090,(주)하이비젼시스템(주1),32.26,30.5,7,2025-12-31
445180,한국알콜산업(주),56.32,48.85,4,2025-12-31
220100,지대윤,13.3,5.99,5,2025-12-31
334970,프레스티지바이오파마,60.22,40.03,5,2025-06-30
950210,Mayson Partners Pte. Ltd.,52.04,21.65,4,2025-06-30
227100,AFC미라클펀드 투자조합,17.18,17.18,0,2024-12-31
296160,(주)유한양행,9.38,9.15,10,2025-12-31
053610,최승환,30.5,30.5,1,2025-12-31
468530,윤태영,22.81,17.91,10,2025-12-31
303360,임국진,42.3,25.11,28,2025-12-31
377220,심태진,40.35,36.06,5,2025-12-31
335810,광동제약 주식회사,57.46,54.73,4,2025-12-31
053160,주도식,32.35,31.67,1,2025-12-31
060910,(주)갤럭시,99.75,90.21,4,2025-12-31
006490,밀레니엄홀딩스(주),9.89,3.86,9,2025-12-31
405000,(주)드림텍,55.15,27.68,11,2025-12-31
041590,㈜비엔엠홀딩스,29.87,27.44,4,2025-12-31
367000,이상훈,35.96,33.7,3,2025-12-31
075130,김태주,23.44,20.96,13,2025-12-31
222670,김앤토니경태,31.65,16.79,6,2025-12-31
009810,트라이콘 1호 투자조합,22.45,19.2,3,2025-12-31
237820,(주)숲,70.61,70.38,1,2025-12-31
023770,(주)드림아크코리아,31.12,19.38,5,2025-12-31
300080,이정수,31.32,24.2,2,2025-12-31
033790,"Zoomwe Hong Kong New Energy Technology Co., Ltd",44.95,31.37,1,2025-12-31
150440,김우섭,33.05,23.79,7,2023-12-31
032580,"동심반도체주식유한공사 (Dosilicon Co., Ltd.)",30.5,30.2,1,2025-12-31
0117P0,박화목,57.4,39.9,4,2025-12-31
241820,김소연,18.55,17.9,6,2024-12-31
452450,최정일,48.18,38.1,11,2025-12-31
237750,조광식,34.38,32.46,1,2025-12-31
460940,박광훈,25.7,18.5,4,2025-12-31
319660,피에스케이홀딩스,32.86,32.76,12,2025-12-31
031980,박경수,67.1,30.05,21,2025-12-31
043370,(주)피에이치씨,61.61,51.63,2,2025-12-31
239890,현서용,36.78,29.59,1,2025-12-31
347740,대봉엘에스(주),59.41,55.91,4,2025-12-31
137400,김준섭,14.83,14.46,2,2025-12-31
257370,(주)피엔티,38.88,38.49,1,2025-12-31
147760,(주)프로텍,52.64,46.07,7,2025-12-31
128660,㈜풍전비철,64.43,45,12,2025-12-31
006140,김재석,69.42,28.02,15,2025-12-31
376180,최석림,56.57,42.78,7,2025-12-31
087600,이서규,32.56,24.83,10,2025-12-31
291810,김동기,46.32,32.98,3,2025-12-31
378340,(주)필옵틱스,42.41,41.99,3,2025-12-31
161580,한기수,25.86,25,6,2025-12-31
347770,주광연,37.8,18.5,2,2025-12-31
163730,박민수,28.78,25.42,6,2025-12-31
417180,문양근,40.22,39.52,5,2025-12-31
299030,오태봉,29.32,28.43,2,2025-12-31
067310,최창호,26.3,15.17,16,2025-12-31
166090,하나마이크론,44.6,32.5,7,2025-12-31
004940,(주)하나금융지주,100,100,0,2025-12-31
293480,조동훈,57.71,25.29,9,2025-12-31
039130,하모니아1호 유한회사,28.76,17.28,6,2025-12-31
136480,(주)하림지주,58.91,57.37,5,2025-12-31
003380,김홍국,49.81,21.1,24,2025-12-31
049130,김희천,63.87,40.6,3,2025-12-31
365590,고범규,45.12,31.08,8,2025-12-31
149980,이진우,45.8,26.3,8,2025-12-31
013030,문휴건,39.86,22.44,7,2025-12-31
352820,방시혁,31.75,30.86,24,2025-12-31
126700,최두원,16.18,12,3,2025-12-31
071090,엄신철,53.47,16.11,15,2025-12-31
160190,㈜다노코프,74.53,25.9,8,2025-12-31
221840,하상헌,43.38,36.08,12,2025-12-31
106190,ACS Dobfar s.p.a,45.17,39.57,4,2025-12-31
000080,하이트진로홀딩스(주),53.81,50.86,9,2025-12-31
000140,박문덕,65.9,29.5,11,2025-12-31
065650,(주)에프에스엔,36.78,33.51,5,2025-12-31
036460,정부,53.97,26.15,2,2025-12-31
039340,(주)한국경제신문,47.06,47.06,0,2025-12-31
005430,(주)대한항공,59.54,59.54,0,2025-12-31
071050,김남구,21.3,20.7,1,2025-12-31
010040,김근수,75.9,16.88,9,2025-12-31
025540,이 창 원,34.28,5.3,10,2025-12-31
222980,이은정,55.3,30.82,1,2025-12-31
010100,김윤수,42.27,23.49,4,2025-12-31
256840,최완규,19.58,19.29,7,2025-12-31
219750,(주)한국비엔씨,81.13,79.96,3,2025-12-31
004090,강승모,48.99,33.32,17,2025-12-31
025550,이제훈,38.25,28.83,4,2025-12-31
002200,허정훈,45.56,36,2,2025-12-31
002960,Shell Petroleum B.V,53.85,53.85,0,2025-12-31
016830,COIC,99.98,99.98,0,2025-12-31
017890,KC&A(주),39.44,34.01,4,2025-12-31
000240,조현범,47.24,42.03,10,2025-12-31
080720,멜빈에프앤비,19.93,19.93,0,2025-12-31
015760,한국산업은행,51.1,32.9,1,2025-12-31
041460,신홍식,15.32,14.08,8,2025-12-31
006200,곽 정 소,39.18,21.34,7,2025-12-31
101680,하종식,53.16,26.52,5,2025-12-31
053300,(주)다우기술,51.95,43.88,9,2025-12-31
025770,박헌서,42.74,21.54,1,2025-12-31
027970,해성산업(주),84.69,84.69,0,2025-12-31
023350,(주)한국종합 기술홀딩스,53.65,52.96,3,2025-12-31
025890,하만규,56.98,2.82,2,2025-12-31
009760,홍상화,94.74,6.86,8,2025-12-31
104700,KISCO홀딩스(주),66.53,60.34,6,2025-12-31
062970,사토시홀딩스(주),12.72,12.14,1,2025-12-31
017960,조연호,34.28,22.86,4,2025-12-31
023760,군인공제회,80.41,80.41,0,2025-12-31
161890,콜마홀딩스㈜,26.55,26.31,7,2025-12-31
021650,삼영무역(주),47.22,38.71,2,2025-12-31
161390,한국앤컴퍼니(주),43.19,30.67,21,2025-12-31
034830,엠케이인베스트먼트(주),35.46,24.25,1,2025-12-31
007280,(주)매직홀딩스,50.05,38.49,12,2025-12-31
032300,박재돈,64.09,25.12,14,2025-12-31
037230,해성산업(주),71.48,51.35,3,2025-12-31
448900,송준호,48.69,32.7,6,2025-12-31
047810,한국수출입은행,26.41,26.41,0,2025-12-31
003350,임충헌,45.03,11.54,11,2025-12-31
052600,한국지주(주),45.1,45.1,0,2025-12-31
011500,김응상,48.22,32.51,3,2025-12-31
002390,김영진,43.38,13.65,10,2025-12-31
256150,박순덕,49.06,26.73,5,2025-12-31
125490,오종두,39.72,33.76,4,2025-12-31
092460,지석준,57.78,16.53,8,2025-12-31
053690,김종훈 (등기),20.07,10.4,12,2025-12-31
042700,곽동신,55.7,33.51,7,2025-12-31
008930,송영숙,55.84,3.38,25,2025-12-31
128940,한미사이언스(주),50.38,41.42,4,2025-12-31
452190,김정묵,42.46,30.56,20,2025-12-31
047080,(주)티쓰리엔터테인먼트,32.37,30.69,4,2025-12-31
009240,하임 유한회사,35.96,18.95,5,2025-12-31
452280,한국선재(주),69.47,62.52,4,2025-12-31
020000,(주)현대홈쇼핑,40.5,40.5,0,2025-12-31
066980,(주)제이에스아이홀딩스,41.29,11.29,19,2025-12-31
105630,한세예스24홀딩스㈜,64.69,50.49,10,2025-12-31
069640,한세예스24홀딩스(주),74.55,69.15,5,2025-12-31
009180,한솔홀딩스,40.05,40.04,3,2025-12-31
114810,한솔테크닉스(주),35.96,35.96,0,2025-12-31
213500,한솔홀딩스(주),30.57,30.49,3,2025-12-31
014680,국민연금공단,13.1,13.1,0,2025-12-31
004710,한솔홀딩스(주),22.44,20.26,3,2025-12-31
004150,조동길,34.32,17.64,8,2025-12-31
042520,황호찬,25.19,23.95,3,2025-09-30
004960,코암시앤시개발(주),36.76,36.76,0,2025-12-31
430690,이주도,45.72,31.58,8,2025-12-31
078350,김형육,53.74,23.97,7,2025-12-31
045100,김형육,46.53,29.04,6,2025-12-31
001750,케이씨지아이 제2호 사모투자 합자회사,29.59,29.59,0,2025-12-31
018880,한국타이어앤테크놀로지(주),51.09,51.07,11,2025-12-31
009420,(주)대웅제약,31.2,30.8,3,2025-12-31
320000,㈜한울소재과학,26.09,21.73,1,2025-12-31
091440,주식회사 루시,15.07,10.17,3,2025-12-31
276730,케이파트너스1호투자조합,46.33,29.22,1,2025-12-31
014130,이석환,47.5,39.33,5,2025-12-31
024740,홍진산업(주),32.42,26.19,1,2025-12-31
005860,차상협,43.69,12.8,6,2025-12-31
300720,한일홀딩스㈜,71.34,59.84,10,2025-12-31
002220,엄 정 헌,51.28,6.41,16,2025-12-31
006390,한일시멘트(주),77.78,77.78,0,2024-12-31
003300,허기호,69.65,31.23,18,2025-12-31
007770,윤성진,66.22,36.46,14,2025-12-31
052690,한국전력공사,51,51,0,2025-12-31
130660,한국자유총연맹,31,31,0,2025-12-31
051600,한국전력공사,51,51,0,2025-12-31
198940,이용진,12.1,12.1,4,2025-12-31
107640,김상균,35.46,22.06,7,2025-12-31
002320,한진칼,33.58,30.2,16,2025-12-31
003480,조남호,50.48,46.5,3,2025-12-31
180640,조원태,20.56,5.78,18,2025-12-31
079170,강상균,52.55,20.77,13,2025-12-31
009460,KIM JOONYOUNG,40.11,17.88,7,2025-12-31
030520,(주)한컴위드,35.68,26.73,5,2025-12-31
372910,(주)한글과컴퓨터,36.13,36.13,0,2025-12-31
054920,김상철,29.91,15.77,3,2025-12-31
457370,이상조,41.08,19.06,8,2025-12-31
002680,류지훈,39.02,37.49,2,2025-12-31
098070,(주)후성,69.59,66.3,2,2025-12-31
408470,김경훈,50,50,0,2025-12-31
000880,한화에너지㈜,55.84,22.15,10,2025-12-31
452260,㈜한화,54.7,36.31,4,2025-12-31
451800,한화생명보험(주),48.08,30.18,7,2025-04-30
489790,(주)한화,33.95,33.95,0,2025-12-31
088350,(주)한화,45.05,43.24,7,2025-12-31
000370,한화생명(주),51.55,51.36,4,2025-12-31
009830,(주)한화,36.48,36.31,5,2025-12-31
272210,한화에어로스페이스(주),59.53,46.73,2,2025-12-31
012450,㈜한화,35.55,32.18,6,2025-12-31
082740,한화임팩트㈜,32.78,32.77,4,2025-12-31
042660,한화에어로스페이스(주),42.01,30.44,4,2025-12-31
003530,한화자산운용(주),46.12,46.08,2,2025-12-31
386580,에스브이인베스트먼트(주),9.13,4.81,1,2023-12-31
430460,(주)티에스인베스트먼트,15.2,15.2,0,2023-12-31
455310,삼성증권(주),4.77,4.77,0,2025-12-31
498390,컴퍼니케이파트너스(주),4.03,4.03,0,2025-12-31
195870,해성산업(주),36.31,34,2,2025-12-31
034810,단재완,55.02,18.05,12,2025-12-31
059270,(주)티피씨,33.33,32.72,2,2025-12-31
076610,오에이치얼머스 리스트럭처링 투자조합1호,100,13.23,15,2025-12-31
101530,(주)크라운해태홀딩스,61.9,60,4,2025-12-31
143210,승현창,60.83,41.42,15,2025-12-31
008800,문준식,33.34,0,1,2025-12-31
900270,후이훙위엔,33.89,26.63,1,2025-12-31
214180,이경민,39.38,39.13,4,2025-12-31
234340,(주)헥토이노베이션,40.62,38.5,4,2025-12-31
084990,(주)바이오솔루션,18.23,18.23,0,2025-12-31
000720,현대자동차,34.92,20.95,8,2025-12-31
170030,강현석,50.68,29.74,2,2025-12-31
453340,(주)현대지에프홀딩스,52.2,39.3,6,2025-12-31
086280,정의선,50.35,20,7,2025-12-31
064350,현대자동차,33.77,33.77,3,2025-12-31
079430,주식회사 현대지에프홀딩스,41.31,41.2,2,2025-12-31
012330,기아(주),32.7,18.1,9,2025-12-31
319400,현대엘리베이터(주),53.2,48.9,5,2025-12-31
048410,(주)씨앤팜,10.24,10.04,3,2025-12-31
052260,(주)현대퓨처넷,35,35,0,2025-12-31
069960,(주)현대지에프홀딩스,41.34,35.06,2,2025-12-31
004560,현대제철(주),45.98,31.12,3,2025-12-31
016790,(주)뜰안채건설,41.01,40.44,2,2025-12-31
004310,이한구,24.26,17.88,7,2025-11-30
041440,(주)현대지에프홀딩스,46.09,45.17,2,2025-12-31
039010,이건구,38.74,38.47,7,2025-12-31
017800,현대홀딩스컴퍼니㈜,22.2,20.1,14,2025-12-31
307950,현대자동차,75.29,31.59,3,2025-12-31
011210,현대자동차,40.74,25.35,3,2025-12-31
005380,현대모비스,30.67,22.36,17,2025-12-31
004020,기아(주),35.96,17.27,6,2025-12-31
005440,정지선,77.1,39.7,2,2025-12-31
001500,현대자동차,39.88,22.17,4,2025-12-31
011760,현대코퍼레이션홀딩스(주),24.31,21.79,2,2025-12-31
227840,정 몽 혁(주1),29.34,23.62,7,2025-12-31
126560,(주)현대홈쇼핑,78.55,78.55,2,2025-12-31
001450,정몽윤,22.84,22,3,2025-12-31
460930,허큘리스 홀딩스(유),40.58,40,1,2025-12-31
092300,문병선,31.66,28.53,2,2025-12-31
308100,패션그룹형지㈜,27.17,22.18,3,2025-12-31
093240,패션그룹형지,28.01,14.06,4,2025-06-30
011080,최병오,19.03,14.7,3,2025-12-31
003010,원경희,19.71,11.86,13,2025-12-31
111110,박진호,43.56,25.21,1,2025-12-31
008770,삼성생명,16.9,7.3,5,2025-12-31
064240,(주)에이치바이온,15.04,6.82,2,2025-12-31
378850,(주)화승코퍼레이션,55.97,32.79,3,2025-12-31
241590,(주)화승인더스트리,68.65,68.37,3,2025-12-31
006060,현석호,33.59,27.26,1,2025-12-31
013520,현지호,49.69,35.42,2,2025-12-31
010690,(주)글로벌오토트레이딩,50.41,16.43,16,2025-12-31
126640,정서진,36.02,12.37,7,2025-12-31
133820,(주)화인인터내셔날,29.42,21.1,2,2025-12-31
127980,유수권,83.34,43.07,2,2025-12-31
061250,오성첨단소재(주),36.87,25.49,3,2025-12-31
000850,권영열,48.78,17.93,7,2025-12-31
016580,이원범,23.27,13.27,1,2025-12-31
032560,김종현,56.24,33.67,3,2025-12-31
004800,조현준,57.3,41.02,13,2025-12-31
094280,조현준,67.91,35.26,3,2025-12-31
097870,박태헌,43.75,21.07,9,2025-06-30
298040,(주)효성,43.96,32.47,12,2025-12-31
298020,㈜효성,42.72,20.78,12,2025-12-31
298000,㈜효성,52.32,32.84,12,2025-12-31
093370,김용민,46.04,20.85,12,2025-12-31
290270,정동섭,46.84,30.81,7,2025-12-31
005870,김유진,22.83,22.73,3,2025-12-31
353190,김진석,37.6,31.21,1,2025-12-31
090710,(주)휴림홀딩스,6.56,6.56,0,2025-12-31
115160,㈜휴맥스홀딩스,35.23,34.92,6,2025-12-31
028080,변대규,40.61,35.68,2,2025-12-31
200670,㈜휴온스글로벌,37.45,36.08,10,2025-12-31
079980,(주)삼양홀딩스,51,25.5,1,2025-12-31
065510,김현수,29,21.2,10,2025-12-31
046400,(주)크레센,96.14,95.19,2,2025-12-31
005010,박순석,48.06,23.8,12,2025-12-31
263920,(주)휴온스글로벌,63.7,59,11,2025-12-31
243070,(주)휴온스글로벌,44.82,40.74,7,2025-12-31
084110,윤성태,57.14,42.76,7,2025-12-31
145020,Aphrodite Acquisition Holdings LLC,43.53,43.53,0,2025-12-31
010240,류명준,53.08,14.27,27,2025-12-31
189980,오길영,50.68,48.11,5,2025-12-31
000540,흥국생명보험(주),79.19,40.06,1,2025-12-31
003280,장금상선주식회사,70.71,70.71,0,2025-12-31
037440,정영균,18.45,18.03,4,2025-12-31
238490,김주환,31.49,10.4,18,2025-12-31
095570,문지회,55.79,24.26,6,2025-12-31
006840,애경자산관리(주),65.19,18.91,22,2025-12-31
265520,(주)APS,25.44,25.38,3,2025-12-31
211270,(주)컨텍,25.37,24.73,7,2025-12-31
054620,정기로,35.46,35.26,6,2025-12-31
079810,(주)APS,22.42,11.11,2,2025-12-31
027410,홍석조,69.71,32.4,27,2025-12-31
282330,(주)비지에프,51.35,30,22,2025-12-31
126600,(주)비지에프,71.65,69.95,1,2025-12-31
001460,신한에디피스,72.67,18.56,16,2025-12-31
001040,이재현,47.77,42.07,6,2025-12-31
311690,씨제이제일제당㈜,61.95,61.95,0,2025-12-31
079160,씨제이(주),50.9,50.9,1,2025-12-31
035760,CJ(주),48.21,40.07,9,2025-12-31
000120,CJ제일제당(주),40.19,40.16,2,2025-12-31
011150,CJ제일제당(주),46.26,46.26,0,2025-12-31
097950,씨제이(주),41.81,40.94,7,2025-12-31
051500,CJ주식회사,58.81,47.11,5,2025-12-31
058820,(주)차바이오텍,24.27,24.27,0,2025-12-31
056730,신안캐피탈(주),44.92,26.99,3,2025-12-31
065770,정흥식,28.76,21.2,3,2025-12-31
083660,지앤비조합,13.16,13.16,0,2025-12-31
012030,김남호,47.88,16.83,17,2025-12-31
005830,김남호,25.96,9.19,15,2025-12-31
016610,DB손해보험(주),35.43,26.71,12,2025-12-31
099520,(주)대한그린에너지,30.92,30.92,0,2025-12-31
000300,(유)엔알제일호재기지원펀드투자목적회사,70.33,66.37,1,2025-12-31
290120,(주)디에이치글로벌,66.78,30.77,4,2025-12-31
025440,㈜디에이치글로벌,45.96,37.24,3,2025-12-31
015590,DKME INC.,22.31,22.31,0,2025-12-31
000210,㈜대림,49.34,48.27,5,2025-12-31
375500,DL㈜,24.82,23.15,12,2025-12-31
068790,박용석,32.59,23.57,4,2025-12-31
007340,김상헌,52.16,33.43,5,2025-12-31
004840,김세연,69.75,47.41,6,2025-12-31
017860,한승욱,40.08,36.56,3,2025-12-31
241520,윤건수,25.47,20.8,4,2025-12-31
155660,홍 석 빈,62.66,23.74,12,2025-12-31
069730,홍하종,52.77,23.36,14,2025-12-31
180400,임종윤,61.5,57.7,3,2025-12-31
017940,구자열,45.36,12.78,10,2025-12-31
418620,김진현,15.55,13.61,3,2025-12-31
245620,임경숙,16.68,9.12,9,2025-12-31
037370,박지만,24.36,24.22,1,2025-12-31
278990,홍성천,80.17,3.4,11,2025-12-31
050120,지에프금융산업제1호㈜,56.77,32.19,2,2025-12-31
365550,CPP Investment Board Real Estate Holdings Inc.,24.85,24.85,1,2025-05-31
383220,(주)에프앤에프홀딩스,62.82,33.98,9,2025-12-31
007700,김창수,91.71,62.84,9,2025-12-31
214270,(주)제이투비(주1),12.65,0,15,2025-12-31
130500,엔브이에이치코리아(주),50.73,50.73,0,2025-12-31
114090,한국관광공사,51,51,0,2025-12-31
019570,밸류업임팩트투자,32.4,16.28,1,2025-12-31
900290,주영남,50.8,38.78,1,2025-06-30
078930,허창수,53.59,4.68,58,2025-12-31
006360,허창수,23.64,5.95,16,2025-12-31
001250,(주)지에스,50.78,50.7,2,2025-12-31
007070,(주)GS,58.62,58.62,2,2025-12-31
499790,㈜GS,58.62,58.62,1,2025-12-31
083450,김덕준,22.22,21.7,6,2025-12-31
297890,(주)에이치비테크놀러지,27.44,19.98,4,2025-12-31
440290,(주)에이치비콥,55.77,29.08,5,2025-12-31
078150,(주)에이치비콥,26.69,13.54,8,2025-12-31
225530,(주)에이치씨홈센타,68.68,40.73,10,2025-12-31
060560,에이치씨파트너스(주),55.37,24.96,11,2025-12-31
267270,HD현대사이트솔루션(주),41.06,37.59,4,2025-12-31
009540,HD현대㈜,36.64,35.05,7,2025-12-31
267250,정몽준,37.19,26.6,9,2025-12-31
443060,HD현대㈜,55.35,55.32,5,2025-12-31
071970,에이치디한국조선해양㈜,35.09,35.05,3,2025-12-31
322000,HD한국조선해양(주),53.57,53.57,0,2025-12-31
267260,HD현대㈜,37.4,35.74,4,2025-12-31
329180,HD한국조선해양㈜,69.3,69.23,2,2025-12-31
012630,정몽규,42.19,33.68,9,2025-12-31
039570,에이치디씨㈜,62.69,39.99,3,2025-12-31
089470,에이치디씨(주),48.26,48.26,0,2025-12-31
376270,지요셉,25.96,12.26,11,2025-12-31
097230,에코프라임 마린퍼시픽 유한회사,48.9,48.89,1,2025-12-31
195940,한국콜마(주),43.01,43.01,0,2025-12-31
014790,에이치엘홀딩스㈜,46.35,23.78,9,2025-12-31
204320,에이치엘홀딩스(주),30.26,30.25,4,2025-12-31
060980,정몽원,36.55,27.63,6,2025-12-31
028300,진양곤,9.75,7.16,9,2025-12-31
278650,에이치엘비㈜,16.93,14.54,4,2025-12-31
067630,에이치엘비(주),19.61,16.98,1,2025-12-31
024850,HLB,36.58,17.73,10,2025-12-31
187420,에이치엘비(주),31.32,8.95,9,2025-12-31
047920,에이치엘비생명과학㈜,20.94,16.15,5,2025-12-31
046210,에이치엘비(주),19.52,8.45,5,2025-12-31
196300,에이치엘비제넥스 주식회사,35.35,14.16,9,2025-12-31
011200,한국산업은행,35.42,35.42,0,2025-12-31
403870,히트2025홀딩스 유한회사,39.23,39.23,0,2025-12-31
035000,(주)LG,35.78,35.78,0,2025-12-31
002460,이종원,41.93,10.16,29,2025-12-31
487570,조현상,57.37,55.08,11,2025-12-31
298050,㈜에이치에스효성,51.2,27.85,8,2025-12-31
139130,(주)오케이저축은행,9.99,3.49,2,2025-12-31
052220,(주)문화방송,58.24,58.13,3,2025-12-31
015360,구자은,53.2,8.26,27,2025-12-31
294870,에이치디씨㈜,43.01,41.52,6,2025-12-31
095340,에스케이씨(주),48.9,45.03,4,2025-12-31
175330,(주)삼양사,14.98,14.5,2,2025-12-31
950170,구철모,43.71,40.33,5,2025-02-28
234080,JW홀딩스,43.09,42.98,4,2025-12-31
067290,JW홀딩스(주),30.74,30.72,1,2025-12-31
001060,JW홀딩스(주),41.01,40.25,8,2025-12-31
096760,이경하,52.19,28.43,16,2025-12-31
035900,박진영,15.82,15.37,2,2025-12-31
105560,국민연금공단,8.68,8.68,0,2025-12-31
432320,(주)한국씨티은행,16.6,16.6,1,2025-01-31
024120,김신완,43.73,12.13,24,2025-12-31
318000,부태웅,35.93,23.13,12,2025-12-31
024840,㈜KBI텍,31.32,12.12,5,2025-12-31
009440,이태영,39.76,30.84,9,2025-12-31
112190,성신양회(주),73.8,36.9,1,2025-12-31
119650,KC그린홀딩스㈜,83.04,83.03,2,2025-12-31
021320,(주)케이씨씨,69.27,36.03,4,2025-12-31
003620,KG 에코솔루션(주),54.41,54.35,5,2025-12-31
016380,KG에코솔루션(주),45.13,44.98,7,2025-12-31
151860,KG케미칼(주),60.85,42.64,9,2025-12-31
035600,KG케미칼(주),41.42,40.09,5,2025-12-31
001390,곽재선,54.06,16.59,16,2025-12-31
060720,남광희,22.88,13.9,2,2025-12-31
001940,장세홍,55.82,45.58,5,2025-12-31
058400,(주)넥센,39.47,39.44,3,2025-12-31
025000,KPX홀딩스(주),52.55,52.28,3,2025-12-31
092230,양준영,48.44,12.19,5,2025-12-31
101000,이엘엠시스템(주),9.11,9.11,0,2025-12-31
044450,박종규,30.2,15.53,11,2025-12-31
089600,(주)케이티,43.43,43.06,4,2025-12-31
418470,(주)케이티지니뮤직,38.47,38.41,1,2025-12-31
043610,㈜케이티스튜디오지니,36.01,35.97,1,2025-12-31
058850,(주)케이티아이에스,30.3,11.61,2,2025-12-31
058860,(주)케이티,29.3,29.3,0,2025-12-31
122450,최상주,53.81,17.91,25,2025-12-31
052900,㈜케이엑스이노베이션,36.5,35,3,2025-12-31
036560,제리코파트너스(주),70.29,34.87,16,2025-12-31
061970,㈜엘비,27.24,8.31,13,2025-12-31
309960,주식회사 엘비,79.5,79.5,0,2025-12-31
093050,구본걸,57.48,19.11,20,2025-12-31
003550,구광모,42.54,16.27,29,2025-12-31
034220,LG전자㈜,36.72,36.72,1,2025-12-31
064400,(주)엘지,45.96,44.96,2,2025-12-31
373220,㈜LG화학,79.38,79.38,0,2025-12-31
032640,㈜LG,38.26,38.25,3,2025-12-31
011070,LG전자(주),40.79,40.79,1,2025-12-31
066570,㈜LG,35.27,35.26,2,2025-12-31
037560,㈜LG유플러스,58.61,58.61,0,2025-12-31
051910,(주)LG,31.54,31.52,1,2025-12-31
079550,주식회사 엘아이지,38.21,37.74,8,2025-12-31
073490,㈜엘아이지,30.11,30,6,2025-12-31
006260,구자열,32.6,1.9,45,2025-12-31
000680,(주)E1,81.8,81.79,1,2025-12-31
060370,LS전선(주),68.25,67.82,10,2025-12-31
417200,LS전선(주),43.51,43.51,0,2025-12-31
229640,엘에스전선(주),63.39,63.35,14,2025-12-31
078020,(주)LS네트웍스,61.74,60.98,26,2025-12-31
322180,엘에스일렉트릭(주),38.55,30.65,2,2025-12-31
091970,엘에스케이디비 유한회사,29.33,22.73,2,2025-12-31
108320,㈜LX홀딩스,33.11,33.08,2,2025-12-31
001120,㈜LX홀딩스,27.86,27.83,1,2025-12-31
108670,(주)LX홀딩스,30.13,30.07,2,2025-12-31
383800,구본준,43.82,20.37,15,2025-12-31
023150,최동호,43.81,43.51,3,2025-12-31
035420,국민연금공단,9.25,0,1,2025-12-31
036570,김택진,12.37,12.2,17,2025-12-31
053290,"(주)에치와이 (hy Co.,Ltd.)",48.33,45.36,1,2025-12-31
054050,농협경제지주(주),57.99,57.91,2,2025-12-31
400760,이지스자산운용(주),18.61,18.61,1,2025-06-30
005940,농협금융지주(주),61.94,61.94,6,2025-12-31
338100,이지스자산운용(주),8.28,8.28,1,2025-05-31
181710,이준호,56.8,29.65,19,2025-12-31
060250,엔에이치엔페이코㈜,42.73,42.33,5,2025-12-31
104200,엔에이치엔㈜,45.27,45.26,1,2025-12-31
008260,문배철강(주),58.96,39.72,6,2025-12-31
034310,김원우,50.23,23.68,4,2025-12-31
063570,㈜NICE홀딩스,35.82,35.8,1,2025-12-31
030190,(주)NICE홀딩스,44.31,44.31,0,2025-12-31
456040,OCI 홀딩스㈜,46.51,44.97,21,2025-12-31
010060,이화영,30.59,7.87,30,2025-12-31
178920,(주)아케마코리아홀딩,54.18,54.07,1,2025-12-31
001340,김성훈,42.82,22.64,10,2025-12-31
024940,유재원,34.97,31.37,2,2025-12-31
005490,국민연금공단,7.96,7.96,0,2025-12-31
332570,유대규,29.65,23.59,5,2025-12-31
327260,알에프에이치아이씨㈜,47.91,41.85,6,2025-12-31
474610,알에프머트리얼즈㈜,48.87,33.18,6,2025-12-31
218410,조덕수,33.59,15.41,14,2025-12-31
010950,Aramco Overseas Company B.V.,63.43,63.41,6,2025-12-31
091340,강원형,42.32,38.04,3,2025-12-31
419530,김수훈,21.52,14.94,3,2025-12-31
003080,윤정선,48.62,33.87,13,2025-12-31
019550,에스비아이 코리아홀딩스(주),43.61,43.61,0,2025-12-31
950110,SBI Holdings,85.95,74.23,1,2025-03-31
034120,(주)티와이홀딩스,36.32,36.32,0,2025-12-31
099220,최기혁,12.3,5.88,14,2025-12-31
056190,㈜디와이홀딩스,43.73,40.98,12,2025-12-31
222080,주식회사 에스에프에이,33.68,33.23,2,2025-12-31
036540,에스에프에이,54.99,54.95,4,2025-12-31
255220,박창호,18.49,14.74,1,2025-12-31
040610,(주)에스지케이,50.54,33.17,2,2025-12-31
001380,(주)에스지고려,58.53,34.64,2,2025-12-31
004060,(주)SG고려,50.61,47.64,1,2025-12-31
184230,에스지에이홀딩스(주),43.96,42.79,5,2025-12-31
016250,에스지씨에너지(주),56.14,49.6,2,2025-12-31
005090,이우성,54.78,19.59,8,2025-12-31
002360,"REALTY ADVISORS, INC.",31.06,31.06,0,2025-12-31
001770,신종호,50.78,45.9,8,2025-12-31
009160,주식회사 SIMPAC홀딩스,60.53,0,21,2025-12-31
033530,(주)에스제이지홀딩스,43.8,32.46,6,2025-12-31
034730,최태원,25.42,17.9,41,2025-12-31
001740,SK(주),44.75,43.9,13,2025-12-31
006120,최창원,51,41.69,12,2025-12-31
210980,한앤코개발홀딩스(유),78.69,47.42,3,2025-12-31
395400,SK(주),31.7,31.7,3,2025-03-31
302440,SK케미칼(주),66.53,66.37,2,2025-12-31
361610,SK이노베이션(주),53.36,53.35,5,2025-12-31
100090,에스케이 에코플랜트(주),35.62,35.62,0,2025-12-31
096770,SK㈜,52.09,52.09,7,2025-12-31
475150,SK디스커버리㈜,31.06,30.98,2,2025-12-31
001510,제이앤더블유 비아이지 유한회사,19.6,19.6,0,2025-12-31
285130,SK디스커버리,42.71,40.79,10,2025-12-31
017670,SK㈜,30.59,30.57,9,2025-12-31
000660,SK스퀘어(주),20.07,20.07,8,2025-12-31
357880,(주)디렉터스컴퍼니,32.9,28.62,3,2025-12-31
011790,SK(주),40.89,40.64,7,2025-12-31
048550,(주)에스엠엔터테인먼트,30.38,29.23,8,2025-12-31
063440,(주)에스엠엔터테인먼트,29.92,29.29,4,2025-12-31
003570,(주)SNT홀딩스,45.28,42.27,1,2025-12-31
064960,(주)SNT홀딩스,46.29,45.12,1,2025-12-31
100840,(주)SNT홀딩스,59.13,54.36,2,2025-12-31
036530,최평규,64.47,50.76,8,2025-12-31
067160,(주)쎄인트인터내셔널,25.78,25.76,3,2025-12-31
000390,김현정,27.39,25.8,4,2025-12-31
465770,에이피씨머큐리(유),46.05,46.05,0,2025-12-31
077970,유암코기업리바운스제팔차 기업재무안정사모투자합자회사,61.68,61.68,1,2025-12-31
002820,정연준,46.87,23.07,18,2025-12-31
289080,박성호,26.48,16.23,5,2025-03-31
041930,임경식,43.5,0,6,2025-12-31
002170,허준홍,57.32,45,6,2025-12-31
002710,손봉락,30.89,11.2,14,2025-12-31
089230,신환률,12.91,8.06,2,2025-12-31
032540,윤나라,54.81,27.92,2,2025-12-31
007980,임석원,30.47,21.41,17,2025-12-31
048770,엄재웅,50.39,9.49,8,2025-12-31
317240,(주)이제이앤피,17.98,17.98,0,2025-12-31
002900,김 식,34.88,22.09,9,2025-12-31
024070,구영일,52.45,40.04,9,2025-12-31
057030,㈜와이비엠,48.3,34.35,2,2025-12-31
037270,㈜와이지 엔터테인먼트,33.6,30.11,1,2025-12-31
040300,유진이엔티(주),39.17,39.17,0,2025-12-31
051390,우병일,24.27,23.3,1,2025-12-31
